{
  "timings": [
    {
      "T": 0.21469275523128512,
      "T_exec": {
        "T_exec_core_0": 0.15873477147058823,
        "T_exec_core_1": 0.11771993794117647,
        "T_exec_core_2": 0.11507209617647057,
        "T_exec_core_3": 0.11320455911764706,
        "T_exec_core_4": 0.11944639411764706,
        "T_exec_core_5": 0.10940851411764706,
        "max": 0.16645038388671876
      },
      "t_plink": 0.16645095108280183,
      "t_plink_read": 0.08564840040521622,
      "t_plink_write": 0.028822550677585605,
      "t_plink_kernel": 0.05198,
      "read_connections": 4.0,
      "write_connections": 3.0,
      "T_lc": 0.024142075407028195,
      "T_cc": 0.024100295937538145
    },
    {
      "T": 0.21469299753103743,
      "T_exec": {
        "T_exec_core_0": 0.15873477147058823,
        "T_exec_core_1": 0.11771993794117647,
        "T_exec_core_2": 0.11507209617647057,
        "T_exec_core_3": 0.11320455911764706,
        "T_exec_core_4": 0.11944639411764706,
        "T_exec_core_5": 0.10940851411764706,
        "max": 0.16645062618647108
      },
      "t_plink": 0.1664509510828064,
      "t_plink_read": 0.08564840040521622,
      "t_plink_write": 0.028822550677585605,
      "t_plink_kernel": 0.051980000000004564,
      "read_connections": 4.0,
      "write_connections": 3.0,
      "T_lc": 0.024142075407028195,
      "T_cc": 0.024100295937538145
    },
    {
      "T": 0.21469332242736816,
      "T_exec": {
        "T_exec_core_0": 0.15873477147058823,
        "T_exec_core_1": 0.11771993794117647,
        "T_exec_core_2": 0.11507209617647057,
        "T_exec_core_3": 0.11320455911764706,
        "T_exec_core_4": 0.11944639411764706,
        "T_exec_core_5": 0.10940851411764706,
        "max": 0.1664509510828018
      },
      "t_plink": 0.16645095108280183,
      "t_plink_read": 0.08564840040521622,
      "t_plink_write": 0.028822550677585605,
      "t_plink_kernel": 0.05198,
      "read_connections": 4.0,
      "write_connections": 3.0,
      "T_lc": 0.024142075407028195,
      "T_cc": 0.024100295937538145
    },
    {
      "T": 0.21573879228818102,
      "T_exec": {
        "T_exec_core_0": 0.16690818058823528,
        "T_exec_core_1": 0.11481036764705882,
        "T_exec_core_2": 0.11769084558823528,
        "T_exec_core_3": 0.0815319088235294,
        "T_exec_core_4": 0.11944639411764706,
        "T_exec_core_5": 0.13285055470588236,
        "max": 0.16690818058823526
      },
      "t_plink": 0.1664524048812972,
      "t_plink_read": 0.08564985420370103,
      "t_plink_write": 0.028822550677585605,
      "t_plink_kernel": 0.05198000000001056,
      "read_connections": 5.0,
      "write_connections": 3.0,
      "T_lc": 0.02477796131734287,
      "T_cc": 0.024052650382602913
    },
    {
      "T": 0.21690831011775683,
      "T_exec": {
        "T_exec_core_0": 0.16452325588235295,
        "T_exec_core_1": 0.11771993794117647,
        "T_exec_core_2": 0.11507209617647057,
        "T_exec_core_3": 0.11320455911764706,
        "T_exec_core_4": 0.11944639411764706,
        "T_exec_core_5": 0.12333437441176469,
        "max": 0.16681982432346504
      },
      "t_plink": 0.16681982432346504,
      "t_plink_read": 0.08564815810546876,
      "t_plink_write": 0.02919166621799469,
      "t_plink_kernel": 0.051980000000001594,
      "read_connections": 2.0,
      "write_connections": 6.0,
      "T_lc": 0.024142075407028195,
      "T_cc": 0.025946410387263575
    },
    {
      "T": 0.21749679642854436,
      "T_exec": {
        "T_exec_core_0": 0.14482360970588237,
        "T_exec_core_1": 0.11771993794117647,
        "T_exec_core_2": 0.11507209617647057,
        "T_exec_core_3": 0.13290420529411764,
        "T_exec_core_4": 0.11944639411764706,
        "T_exec_core_5": 0.12333437441176469,
        "max": 0.16681982432346343
      },
      "t_plink": 0.16681982432346343,
      "t_plink_read": 0.08564815810546876,
      "t_plink_write": 0.02919166621799469,
      "t_plink_kernel": 0.05198,
      "read_connections": 2.0,
      "write_connections": 6.0,
      "T_lc": 0.024777961317341446,
      "T_cc": 0.02589901078773947
    },
    {
      "T": 0.21761569188712632,
      "T_exec": {
        "T_exec_core_0": 0.15873477147058823,
        "T_exec_core_1": 0.13058461529411763,
        "T_exec_core_2": 0.08993243794117647,
        "T_exec_core_3": 0.13285055470588236,
        "T_exec_core_4": 0.11922282411764705,
        "T_exec_core_5": 0.10191659794117647,
        "max": 0.16645038388673014
      },
      "t_plink": 0.16645095108281327,
      "t_plink_read": 0.08564840040521622,
      "t_plink_write": 0.028822550677585605,
      "t_plink_kernel": 0.051980000000011434,
      "read_connections": 4.0,
      "write_connections": 3.0,
      "T_lc": 0.027112657617793287,
      "T_cc": 0.024052650382602916
    },
    {
      "T": 0.21761625908319804,
      "T_exec": {
        "T_exec_core_0": 0.15873477147058823,
        "T_exec_core_1": 0.13058461529411763,
        "T_exec_core_2": 0.08993243794117647,
        "T_exec_core_3": 0.13285055470588236,
        "T_exec_core_4": 0.11922282411764705,
        "T_exec_core_5": 0.10191659794117647,
        "max": 0.16645095108280183
      },
      "t_plink": 0.16645095108280183,
      "t_plink_read": 0.08564840040521622,
      "t_plink_write": 0.028822550677585605,
      "t_plink_kernel": 0.05198,
      "read_connections": 4.0,
      "write_connections": 3.0,
      "T_lc": 0.027112657617793287,
      "T_cc": 0.024052650382602916
    },
    {
      "T": 0.21761661255904918,
      "T_exec": {
        "T_exec_core_0": 0.1587312214705882,
        "T_exec_core_1": 0.13058461529411763,
        "T_exec_core_2": 0.08993243794117647,
        "T_exec_core_3": 0.13285055470588236,
        "T_exec_core_4": 0.11922637411764705,
        "T_exec_core_5": 0.10191659794117647,
        "max": 0.1664509510828018
      },
      "t_plink": 0.16645095108280183,
      "t_plink_read": 0.08564840040521622,
      "t_plink_write": 0.028822550677585605,
      "t_plink_kernel": 0.05198,
      "read_connections": 4.0,
      "write_connections": 3.0,
      "T_lc": 0.027112657617793287,
      "T_cc": 0.02405300385845409
    },
    {
      "T": 0.2176171330493905,
      "T_exec": {
        "T_exec_core_0": 0.1587312214705882,
        "T_exec_core_1": 0.13058461529411763,
        "T_exec_core_2": 0.08994021529411764,
        "T_exec_core_3": 0.13285055470588236,
        "T_exec_core_4": 0.11922282411764705,
        "T_exec_core_5": 0.10191659794117647,
        "max": 0.16645062618646975
      },
      "t_plink": 0.16645103367939335,
      "t_plink_read": 0.08564815810546876,
      "t_plink_write": 0.028822875573921207,
      "t_plink_kernel": 0.05198000000000337,
      "read_connections": 2.0,
      "write_connections": 4.0,
      "T_lc": 0.027112657617793256,
      "T_cc": 0.02405384924512751
    }
  ]
}