{
  "timings": [
    {
      "T": 0.1308260795849783,
      "T_exec": {
        "T_exec_core_0": 0.09054801352941176,
        "T_exec_core_1": 0.09123866294117647,
        "T_exec_core_2": 0.09038458058823529,
        "T_exec_core_3": 0.08784760352941176,
        "T_exec_core_4": 0.0703936744117647,
        "T_exec_core_5": 0.08815766294117647,
        "T_exec_core_6": 0.07431695999999999,
        "T_exec_core_7": 0.08943959823529411,
        "max": 0.09123866294117645
      },
      "t_plink": 0.08638034789428711,
      "t_plink_read": 0.0206858683716774,
      "t_plink_write": 0.026709479522609714,
      "t_plink_kernel": 0.038985,
      "read_connections": 7.0,
      "write_connections": 6.0,
      "T_lc": 0.008911746632295495,
      "T_cc": 0.030675670011506357
    },
    {
      "T": 0.13377102756176382,
      "T_exec": {
        "T_exec_core_0": 0.08802908970588236,
        "T_exec_core_1": 0.09123866294117647,
        "T_exec_core_2": 0.09255250852941176,
        "T_exec_core_3": 0.08992821588235293,
        "T_exec_core_4": 0.08943959823529411,
        "T_exec_core_5": 0.07830835235294117,
        "T_exec_core_6": 0.0689123344117647,
        "T_exec_core_7": 0.08043530264705882,
        "max": 0.09255250852941174
      },
      "t_plink": 0.09083768442792894,
      "t_plink_read": 0.020667290076541903,
      "t_plink_write": 0.03118539435138703,
      "t_plink_kernel": 0.03898500000000001,
      "read_connections": 8.0,
      "write_connections": 5.0,
      "T_lc": 0.007426455526912887,
      "T_cc": 0.033792063505439195
    },
    {
      "T": 0.13434027417229313,
      "T_exec": {
        "T_exec_core_0": 0.08955827823529411,
        "T_exec_core_1": 0.09123866294117647,
        "T_exec_core_2": 0.09038458058823529,
        "T_exec_core_3": 0.08784760352941176,
        "T_exec_core_4": 0.08943959823529411,
        "T_exec_core_5": 0.07550093205882352,
        "T_exec_core_6": 0.0903436138235294,
        "T_exec_core_7": 0.08043530264705882,
        "max": 0.09123866294117645
      },
      "t_plink": 0.051157807346874265,
      "t_plink_read": 0.008632324604701997,
      "t_plink_write": 0.023517482742172243,
      "t_plink_kernel": 0.019008000000000025,
      "read_connections": 7.0,
      "write_connections": 3.0,
      "T_lc": 0.007426455526912913,
      "T_cc": 0.035675155704203765
    },
    {
      "T": 0.13434041260726412,
      "T_exec": {
        "T_exec_core_0": 0.08955827823529411,
        "T_exec_core_1": 0.09123866294117647,
        "T_exec_core_2": 0.09038458058823529,
        "T_exec_core_3": 0.08784760352941176,
        "T_exec_core_4": 0.08943959823529411,
        "T_exec_core_5": 0.07550093205882352,
        "T_exec_core_6": 0.0903379694117647,
        "T_exec_core_7": 0.08043530264705882,
        "max": 0.09123866294117636
      },
      "t_plink": 0.0511582919463692,
      "t_plink_read": 0.00863280920419693,
      "t_plink_write": 0.023517482742172243,
      "t_plink_kernel": 0.019008000000000025,
      "read_connections": 9.0,
      "write_connections": 3.0,
      "T_lc": 0.007426455526912913,
      "T_cc": 0.03567529413917485
    },
    {
      "T": 0.13562854596017893,
      "T_exec": {
        "T_exec_core_0": 0.09201577117647058,
        "T_exec_core_1": 0.09432554205882351,
        "T_exec_core_2": 0.0747521305882353,
        "T_exec_core_3": 0.08423178558823528,
        "T_exec_core_4": 0.08943959823529411,
        "T_exec_core_5": 0.07830835235294117,
        "T_exec_core_6": 0.09123866294117647,
        "T_exec_core_7": 0.09044101235294116,
        "max": 0.09432554205882351
      },
      "t_plink": 0.05115635354838943,
      "t_plink_read": 0.008630870806217194,
      "t_plink_write": 0.023517482742172243,
      "t_plink_kernel": 0.019008,
      "read_connections": 6.0,
      "write_connections": 3.0,
      "T_lc": 0.007426455526912913,
      "T_cc": 0.03387654837444249
    },
    {
      "T": 0.13563847589984157,
      "T_exec": {
        "T_exec_core_0": 0.09179840911764706,
        "T_exec_core_1": 0.09432554205882351,
        "T_exec_core_2": 0.07474648617647059,
        "T_exec_core_3": 0.08423178558823528,
        "T_exec_core_4": 0.08943959823529411,
        "T_exec_core_5": 0.08400906588235293,
        "T_exec_core_6": 0.09123866294117647,
        "T_exec_core_7": 0.09044665676470587,
        "max": 0.09432554205882344
      },
      "t_plink": 0.054371218676948545,
      "t_plink_read": 0.014092831274414064,
      "t_plink_write": 0.021270387402534487,
      "t_plink_kernel": 0.019007999999999997,
      "read_connections": 2.0,
      "write_connections": 4.0,
      "T_lc": 0.007426455526912913,
      "T_cc": 0.0338864783141052
    },
    {
      "T": 0.13585302696472554,
      "T_exec": {
        "T_exec_core_0": 0.07581696176470587,
        "T_exec_core_1": 0.09432554205882351,
        "T_exec_core_2": 0.08743083558823529,
        "T_exec_core_3": 0.08423178558823528,
        "T_exec_core_4": 0.08943959823529411,
        "T_exec_core_5": 0.08400906588235293,
        "T_exec_core_6": 0.09123866294117647,
        "T_exec_core_7": 0.09044665676470587,
        "max": 0.09432554205882351
      },
      "t_plink": 0.04705201042499545,
      "t_plink_read": 0.006773623022460938,
      "t_plink_write": 0.021270387402534487,
      "t_plink_kernel": 0.019008000000000025,
      "read_connections": 2.0,
      "write_connections": 4.0,
      "T_lc": 0.00891174663229545,
      "T_cc": 0.03261573827360657
    },
    {
      "T": 0.1396028375182342,
      "T_exec": {
        "T_exec_core_0": 0.09312552352941177,
        "T_exec_core_1": 0.09432554205882351,
        "T_exec_core_2": 0.08497695176470588,
        "T_exec_core_3": 0.08423178558823528,
        "T_exec_core_4": 0.08043530264705882,
        "T_exec_core_5": 0.07814557794117646,
        "T_exec_core_6": 0.09123866294117647,
        "T_exec_core_7": 0.09044665676470587,
        "max": 0.09432554205882351
      },
      "t_plink": 0.047064716235351564,
      "t_plink_read": 0.006780461920166016,
      "t_plink_write": 0.02127625431518555,
      "t_plink_kernel": 0.019007999999999997,
      "read_connections": 3.0,
      "write_connections": 4.0,
      "T_lc": 0.005941164421530316,
      "T_cc": 0.03933613103788039
    },
    {
      "T": 0.13988697253051016,
      "T_exec": {
        "T_exec_core_0": 0.09304111911764705,
        "T_exec_core_1": 0.09432554205882351,
        "T_exec_core_2": 0.09068759294117647,
        "T_exec_core_3": 0.08422750235294117,
        "T_exec_core_4": 0.08043530264705882,
        "T_exec_core_5": 0.07814557794117646,
        "T_exec_core_6": 0.09123866294117647,
        "T_exec_core_7": 0.09044101235294116,
        "max": 0.09432554205882343
      },
      "t_plink": 0.04707123023672102,
      "t_plink_read": 0.006787300817871094,
      "t_plink_write": 0.021275929418849947,
      "t_plink_kernel": 0.019007999999999983,
      "read_connections": 4.0,
      "write_connections": 4.0,
      "T_lc": 0.005941164421530313,
      "T_cc": 0.03962026605015642
    },
    {
      "T": 0.1398872184859213,
      "T_exec": {
        "T_exec_core_0": 0.0908893594117647,
        "T_exec_core_1": 0.09432554205882351,
        "T_exec_core_2": 0.09067766529411764,
        "T_exec_core_3": 0.08423742999999999,
        "T_exec_core_4": 0.08043530264705882,
        "T_exec_core_5": 0.07814557794117646,
        "T_exec_core_6": 0.09123866294117647,
        "T_exec_core_7": 0.09044101235294116,
        "max": 0.09432554205882346
      },
      "t_plink": 0.04258244884328842,
      "t_plink_read": 0.006787300817871094,
      "t_plink_write": 0.01678714802541733,
      "t_plink_kernel": 0.019007999999999997,
      "read_connections": 4.0,
      "write_connections": 4.0,
      "T_lc": 0.005941164421530316,
      "T_cc": 0.03962051200556755
    }
  ]
}