{
  "timings": [
    {
      "T": 0.14052134256871,
      "T_exec": {
        "T_exec_core_0": 0.10029938470588234,
        "T_exec_core_1": 0.08228201264705882,
        "T_exec_core_2": 0.09978059852941176,
        "T_exec_core_3": 0.10020141029411765,
        "T_exec_core_4": 0.10367361911764705,
        "T_exec_core_5": 0.10096711911764705,
        "T_exec_core_6": 0.09722265499999999,
        "max": 0.10367361911764705
      },
      "t_plink": 0.09082809658527338,
      "t_plink_read": 0.020665351678562163,
      "t_plink_write": 0.03117774490671158,
      "t_plink_kernel": 0.03898499999999964,
      "read_connections": 5.0,
      "write_connections": 5.0,
      "T_lc": 0.004645071955409891,
      "T_cc": 0.03220265149565304
    },
    {
      "T": 0.14052204952041233,
      "T_exec": {
        "T_exec_core_0": 0.1035921994117647,
        "T_exec_core_1": 0.08228201264705882,
        "T_exec_core_2": 0.09978488176470587,
        "T_exec_core_3": 0.10020141029411765,
        "T_exec_core_4": 0.10367361911764705,
        "T_exec_core_5": 0.10096711911764705,
        "T_exec_core_6": 0.09722265499999999,
        "max": 0.10367361911764705
      },
      "t_plink": 0.09814730483722686,
      "t_plink_read": 0.027984559930515292,
      "t_plink_write": 0.03117774490671158,
      "t_plink_kernel": 0.038985,
      "read_connections": 5.0,
      "write_connections": 5.0,
      "T_lc": 0.004645071955409891,
      "T_cc": 0.03220335844735538
    },
    {
      "T": 0.14067083949319895,
      "T_exec": {
        "T_exec_core_0": 0.09610034147058824,
        "T_exec_core_1": 0.09548173852941176,
        "T_exec_core_2": 0.09810997705882353,
        "T_exec_core_3": 0.09484005529411764,
        "T_exec_core_4": 0.09784717705882351,
        "T_exec_core_5": 0.09851774411764706,
        "T_exec_core_6": 0.09449207735294117,
        "max": 0.09851774411764706
      },
      "t_plink": 0.09533217686805726,
      "t_plink_read": 0.020665351678562163,
      "t_plink_write": 0.03568182518949509,
      "t_plink_kernel": 0.038985,
      "read_connections": 5.0,
      "write_connections": 7.0,
      "T_lc": 0.00594116442153033,
      "T_cc": 0.03621193095402156
    },
    {
      "T": 0.14114220893158796,
      "T_exec": {
        "T_exec_core_0": 0.0947035444117647,
        "T_exec_core_1": 0.10287577764705882,
        "T_exec_core_2": 0.10674303588235293,
        "T_exec_core_3": 0.10285906735294117,
        "T_exec_core_4": 0.10081059558823528,
        "T_exec_core_5": 0.09125750941176469,
        "T_exec_core_6": 0.08993332470588235,
        "max": 0.1067427109860173
      },
      "t_plink": 0.10511827846240995,
      "t_plink_read": 0.031171964921665195,
      "t_plink_write": 0.03496131354074479,
      "t_plink_kernel": 0.038984999999999964,
      "read_connections": 10.0,
      "write_connections": 4.0,
      "T_lc": 0.0089638603751334,
      "T_cc": 0.025435637570437264
    },
    {
      "T": 0.14114242781793535,
      "T_exec": {
        "T_exec_core_0": 0.0947035444117647,
        "T_exec_core_1": 0.10287577764705882,
        "T_exec_core_2": 0.10674303588235293,
        "T_exec_core_3": 0.10285906735294117,
        "T_exec_core_4": 0.10081059558823528,
        "T_exec_core_5": 0.09125750941176469,
        "T_exec_core_6": 0.08993332470588235,
        "max": 0.1067430358823529
      },
      "t_plink": 0.10511827846240997,
      "t_plink_read": 0.031171964921665195,
      "t_plink_write": 0.03496131354074479,
      "t_plink_kernel": 0.03898499999999998,
      "read_connections": 10.0,
      "write_connections": 4.0,
      "T_lc": 0.008963754365145172,
      "T_cc": 0.025435637570437264
    },
    {
      "T": 0.1411425338279232,
      "T_exec": {
        "T_exec_core_0": 0.0947035444117647,
        "T_exec_core_1": 0.10287577764705882,
        "T_exec_core_2": 0.10674303588235293,
        "T_exec_core_3": 0.10285906735294117,
        "T_exec_core_4": 0.10081059558823528,
        "T_exec_core_5": 0.09125750941176469,
        "T_exec_core_6": 0.08993332470588235,
        "max": 0.10674303588235254
      },
      "t_plink": 0.10511827846240962,
      "t_plink_read": 0.031171964921665195,
      "t_plink_write": 0.03496131354074479,
      "t_plink_kernel": 0.03898499999999964,
      "read_connections": 10.0,
      "write_connections": 4.0,
      "T_lc": 0.0089638603751334,
      "T_cc": 0.025435637570437264
    },
    {
      "T": 0.14114324077962592,
      "T_exec": {
        "T_exec_core_0": 0.0947035444117647,
        "T_exec_core_1": 0.10287577764705882,
        "T_exec_core_2": 0.10674303588235293,
        "T_exec_core_3": 0.10285906735294117,
        "T_exec_core_4": 0.10081059558823528,
        "T_exec_core_5": 0.09125750941176469,
        "T_exec_core_6": 0.08993760794117647,
        "max": 0.10674303588235293
      },
      "t_plink": 0.10511682466392518,
      "t_plink_read": 0.03117051112318039,
      "t_plink_write": 0.03496131354074479,
      "t_plink_kernel": 0.03898499999999999,
      "read_connections": 9.0,
      "write_connections": 4.0,
      "T_lc": 0.0089638603751334,
      "T_cc": 0.025436344522139605
    },
    {
      "T": 0.14259211838931812,
      "T_exec": {
        "T_exec_core_0": 0.09123866294117647,
        "T_exec_core_1": 0.10287577764705882,
        "T_exec_core_2": 0.10674303588235293,
        "T_exec_core_3": 0.10285906735294117,
        "T_exec_core_4": 0.10081059558823528,
        "T_exec_core_5": 0.10493904558823529,
        "T_exec_core_6": 0.09793562235294118,
        "max": 0.10674303588235293
      },
      "t_plink": 0.08131211005354037,
      "t_plink_read": 0.017280478565311435,
      "t_plink_write": 0.025046631488227847,
      "t_plink_kernel": 0.038985000000001095,
      "read_connections": 7.0,
      "write_connections": 4.0,
      "T_lc": 0.010460352625229779,
      "T_cc": 0.025388729881735406
    },
    {
      "T": 0.14259342477228276,
      "T_exec": {
        "T_exec_core_0": 0.09123866294117647,
        "T_exec_core_1": 0.10288142205882353,
        "T_exec_core_2": 0.10674303588235293,
        "T_exec_core_3": 0.10285906735294117,
        "T_exec_core_4": 0.10081059558823528,
        "T_exec_core_5": 0.10494332882352941,
        "T_exec_core_6": 0.09793562235294118,
        "max": 0.10674303588235293
      },
      "t_plink": 0.08131017165555954,
      "t_plink_read": 0.017278540167331696,
      "t_plink_write": 0.025046631488227847,
      "t_plink_kernel": 0.03898499999999999,
      "read_connections": 4.0,
      "write_connections": 6.0,
      "T_lc": 0.010460352625229779,
      "T_cc": 0.025390036264700044
    },
    {
      "T": 0.14298218947688832,
      "T_exec": {
        "T_exec_core_0": 0.0947035444117647,
        "T_exec_core_1": 0.1005932794117647,
        "T_exec_core_2": 0.09441077823529412,
        "T_exec_core_3": 0.09163709205882353,
        "T_exec_core_4": 0.10514161617647058,
        "T_exec_core_5": 0.1002845294117647,
        "T_exec_core_6": 0.10241201529411764,
        "max": 0.10514161617647058
      },
      "t_plink": 0.10511827846241054,
      "t_plink_read": 0.031171964921665195,
      "t_plink_write": 0.03496131354074479,
      "t_plink_kernel": 0.03898500000000055,
      "read_connections": 10.0,
      "write_connections": 4.0,
      "T_lc": 0.004668509803323184,
      "T_cc": 0.03317206349709455
    }
  ]
}