{
  "timings": [
    {
      "T": 0.15332524557136787,
      "T_exec": {
        "T_exec_core_0": 0.12483741764705883,
        "T_exec_core_1": 0.12470515323529413,
        "T_exec_core_2": 0.12493636588235293,
        "T_exec_core_3": 0.12384059264705882,
        "T_exec_core_4": 0.12435859617647059,
        "max": 0.12493636588235293
      },
      "t_plink": 0.1237029255689621,
      "t_plink_read": 0.016956270347499847,
      "t_plink_write": 0.030714655221462255,
      "t_plink_kernel": 0.076032,
      "read_connections": 5.0,
      "write_connections": 4.0,
      "T_lc": 0.00492231794273152,
      "T_cc": 0.023466561746283417
    },
    {
      "T": 0.15339802233607375,
      "T_exec": {
        "T_exec_core_0": 0.1250091426470588,
        "T_exec_core_1": 0.12470515323529413,
        "T_exec_core_2": 0.12493636588235293,
        "T_exec_core_3": 0.12364754764705882,
        "T_exec_core_4": 0.12437991617647058,
        "max": 0.1250091426470588
      },
      "t_plink": 0.1237029255689621,
      "t_plink_read": 0.016956270347499847,
      "t_plink_write": 0.030714655221462255,
      "t_plink_kernel": 0.076032,
      "read_connections": 5.0,
      "write_connections": 4.0,
      "T_lc": 0.004922317942731519,
      "T_cc": 0.023466561746283417
    },
    {
      "T": 0.15345892440535852,
      "T_exec": {
        "T_exec_core_0": 0.12507975676470587,
        "T_exec_core_1": 0.12458079029411764,
        "T_exec_core_2": 0.12504114529411764,
        "T_exec_core_3": 0.12365319205882352,
        "T_exec_core_4": 0.12442443205882353,
        "max": 0.12507975676470587
      },
      "t_plink": 0.12370292556896209,
      "t_plink_read": 0.016956270347499847,
      "t_plink_write": 0.030714655221462252,
      "t_plink_kernel": 0.076032,
      "read_connections": 5.0,
      "write_connections": 4.0,
      "T_lc": 0.004455873316147748,
      "T_cc": 0.023923294324504907
    },
    {
      "T": 0.15362365098066683,
      "T_exec": {
        "T_exec_core_0": 0.12599169117647058,
        "T_exec_core_1": 0.12458079029411764,
        "T_exec_core_2": 0.12380151647058824,
        "T_exec_core_3": 0.12380979970588235,
        "T_exec_core_4": 0.12449861117647058,
        "max": 0.12599169117647058
      },
      "t_plink": 0.12370090457439423,
      "t_plink_read": 0.016954574249267575,
      "t_plink_write": 0.030714330325126653,
      "t_plink_kernel": 0.07603199999999999,
      "read_connections": 4.0,
      "write_connections": 3.0,
      "T_lc": 0.00445555534386426,
      "T_cc": 0.02317640446033197
    },
    {
      "T": 0.15400089164252728,
      "T_exec": {
        "T_exec_core_0": 0.12187658588235294,
        "T_exec_core_1": 0.12584732235294116,
        "T_exec_core_2": 0.12537460088235294,
        "T_exec_core_3": 0.12380979970588235,
        "T_exec_core_4": 0.1257872055882353,
        "max": 0.12584732235294116
      },
      "t_plink": 0.12365987187194825,
      "t_plink_read": 0.016934057556152345,
      "t_plink_write": 0.030693814315795903,
      "t_plink_kernel": 0.076032,
      "read_connections": 2.0,
      "write_connections": 2.0,
      "T_lc": 0.004776410199333632,
      "T_cc": 0.02337715909025248
    },
    {
      "T": 0.15400113608748656,
      "T_exec": {
        "T_exec_core_0": 0.12187230264705881,
        "T_exec_core_1": 0.12584732235294116,
        "T_exec_core_2": 0.12537460088235294,
        "T_exec_core_3": 0.12380979970588235,
        "T_exec_core_4": 0.12578156117647057,
        "max": 0.12584732235294113
      },
      "t_plink": 0.12366237746601104,
      "t_plink_read": 0.016936238253879552,
      "t_plink_write": 0.030694139212131506,
      "t_plink_kernel": 0.07603199999999999,
      "read_connections": 5.0,
      "write_connections": 3.0,
      "T_lc": 0.004776516209321862,
      "T_cc": 0.023377297525223564
    },
    {
      "T": 0.15400159859422963,
      "T_exec": {
        "T_exec_core_0": 0.12187230264705881,
        "T_exec_core_1": 0.12584732235294116,
        "T_exec_core_2": 0.12537888411764705,
        "T_exec_core_3": 0.12380979970588235,
        "T_exec_core_4": 0.1257872055882353,
        "max": 0.12584732235294116
      },
      "t_plink": 0.12365987187194825,
      "t_plink_read": 0.016934057556152345,
      "t_plink_write": 0.030693814315795903,
      "t_plink_kernel": 0.076032,
      "read_connections": 2.0,
      "write_connections": 2.0,
      "T_lc": 0.004776410199333639,
      "T_cc": 0.023377866041954826
    },
    {
      "T": 0.15403247396307804,
      "T_exec": {
        "T_exec_core_0": 0.12526206558823527,
        "T_exec_core_1": 0.12470515323529413,
        "T_exec_core_2": 0.12329344764705882,
        "T_exec_core_3": 0.12559425529411763,
        "T_exec_core_4": 0.12384059264705882,
        "max": 0.12559425529411763
      },
      "t_plink": 0.12365987187194825,
      "t_plink_read": 0.016934057556152345,
      "t_plink_write": 0.030693814315795903,
      "t_plink_kernel": 0.076032,
      "read_connections": 2.0,
      "write_connections": 2.0,
      "T_lc": 0.004684484474574818,
      "T_cc": 0.023753734194385583
    },
    {
      "T": 0.15415784409018204,
      "T_exec": {
        "T_exec_core_0": 0.12307898999999999,
        "T_exec_core_1": 0.12441334852941177,
        "T_exec_core_2": 0.12592678058823528,
        "T_exec_core_3": 0.12329344764705882,
        "T_exec_core_4": 0.1259829476470588,
        "max": 0.1259829476470588
      },
      "t_plink": 0.12365987187194824,
      "t_plink_read": 0.016934057556152345,
      "t_plink_write": 0.030693814315795903,
      "t_plink_kernel": 0.07603199999999999,
      "read_connections": 2.0,
      "write_connections": 2.0,
      "T_lc": 0.004684484474574818,
      "T_cc": 0.02349041196854843
    },
    {
      "T": 0.15527925728001155,
      "T_exec": {
        "T_exec_core_0": 0.12129273970588234,
        "T_exec_core_1": 0.12618221,
        "T_exec_core_2": 0.12592678058823528,
        "T_exec_core_3": 0.12329773088235293,
        "T_exec_core_4": 0.12599605323529411,
        "max": 0.12618220999999985
      },
      "t_plink": 0.12365987187194824,
      "t_plink_read": 0.016934057556152345,
      "t_plink_write": 0.030693814315795903,
      "t_plink_kernel": 0.07603199999999999,
      "read_connections": 2.0,
      "write_connections": 2.0,
      "T_lc": 0.004684484474574787,
      "T_cc": 0.024412562805436917
    }
  ]
}