{
  "timings": [
    {
      "T": 0.269286489123966,
      "T_exec": {
        "T_exec_core_0": 0.11945050058823528,
        "T_exec_core_1": 0.10400296352941174,
        "T_exec_core_2": 0.07472198411764705,
        "T_exec_core_3": 0.05546263470588235,
        "T_exec_core_4": 0.07739997735294117,
        "T_exec_core_5": 0.07467489235294117,
        "T_exec_core_6": 0.09333947235294117,
        "max": 0.11945050058823528
      },
      "t_plink": 6.42932080078125E-4,
      "t_plink_read": 5.582586181640625E-4,
      "t_plink_write": 8.31734619140625E-5,
      "t_plink_kernel": 1.5000000000000002E-6,
      "read_connections": 3.0,
      "write_connections": 1.0,
      "T_lc": 0.0018138820042509188,
      "T_cc": 0.1480221065314798
    },
    {
      "T": 0.28573231816808364,
      "T_exec": {
        "T_exec_core_0": 0.11945050058823528,
        "T_exec_core_1": 0.06926247764705881,
        "T_exec_core_2": 0.07472198411764705,
        "T_exec_core_3": 0.05546263470588235,
        "T_exec_core_4": 0.11214046323529411,
        "T_exec_core_5": 0.07467489235294117,
        "T_exec_core_6": 0.09333947235294117,
        "max": 0.11945050058823528
      },
      "t_plink": 6.42932080078125E-4,
      "t_plink_read": 5.582586181640625E-4,
      "t_plink_write": 8.31734619140625E-5,
      "t_plink_kernel": 1.5000000000000002E-6,
      "read_connections": 3.0,
      "write_connections": 1.0,
      "T_lc": 0.0018138820042509188,
      "T_cc": 0.1644679355755974
    },
    {
      "T": 0.2857326930819161,
      "T_exec": {
        "T_exec_core_0": 0.11945050058823528,
        "T_exec_core_1": 0.06926247764705881,
        "T_exec_core_2": 0.07472198411764705,
        "T_exec_core_3": 0.05546263470588235,
        "T_exec_core_4": 0.11229993205882352,
        "T_exec_core_5": 0.07467489235294117,
        "T_exec_core_6": 0.09333947235294117,
        "max": 0.11945050058823503
      },
      "t_plink": 5.18874609375E-4,
      "t_plink_read": 4.3420114746093756E-4,
      "t_plink_write": 8.31734619140625E-5,
      "t_plink_kernel": 1.5000000000000002E-6,
      "read_connections": 1.0,
      "write_connections": 1.0,
      "T_lc": 0.0018138820042509188,
      "T_cc": 0.16446831048943017
    },
    {
      "T": 0.28820221108412797,
      "T_exec": {
        "T_exec_core_0": 0.11945050058823528,
        "T_exec_core_1": 0.06926247764705881,
        "T_exec_core_2": 0.07472198411764705,
        "T_exec_core_3": 0.05546263470588235,
        "T_exec_core_4": 0.11689233764705881,
        "T_exec_core_5": 0.07467489235294117,
        "T_exec_core_6": 0.08858759794117646,
        "max": 0.11945050058823528
      },
      "t_plink": 6.42932080078125E-4,
      "t_plink_read": 5.582586181640625E-4,
      "t_plink_write": 8.31734619140625E-5,
      "t_plink_kernel": 1.5000000000000002E-6,
      "read_connections": 3.0,
      "write_connections": 1.0,
      "T_lc": 0.0017582509191176468,
      "T_cc": 0.16699345957677506
    },
    {
      "T": 0.309216864307215,
      "T_exec": {
        "T_exec_core_0": 0.13963365,
        "T_exec_core_1": 0.15854179823529407,
        "T_exec_core_2": 0.05716095235294117,
        "T_exec_core_3": 0.05546263470588235,
        "T_exec_core_4": 0.11357849735294116,
        "T_exec_core_5": 0.07467489235294117,
        "T_exec_core_6": 1.5946882352941175E-4,
        "max": 0.15854179823529407
      },
      "t_plink": 5.18874609375E-4,
      "t_plink_read": 4.3420114746093756E-4,
      "t_plink_write": 8.31734619140625E-5,
      "t_plink_kernel": 1.5000000000000002E-6,
      "read_connections": 1.0,
      "write_connections": 1.0,
      "T_lc": 0.0018138820042509188,
      "T_cc": 0.14886118406767002
    },
    {
      "T": 0.31904093457225124,
      "T_exec": {
        "T_exec_core_0": 1.5434558823529412E-4,
        "T_exec_core_1": 0.16056957411764705,
        "T_exec_core_2": 0.05716095235294117,
        "T_exec_core_3": 0.05546263470588235,
        "T_exec_core_4": 0.17911011411764702,
        "T_exec_core_5": 0.0027240985294117643,
        "T_exec_core_6": 0.14402505117647058,
        "max": 0.17911011411764702
      },
      "t_plink": 2.7075966796875006E-4,
      "t_plink_read": 1.8608620605468752E-4,
      "t_plink_write": 8.31734619140625E-5,
      "t_plink_kernel": 1.5000000000000002E-6,
      "read_connections": 2.0,
      "write_connections": 1.0,
      "T_lc": 0.0014849439266429226,
      "T_cc": 0.13844587652796128
    },
    {
      "T": 0.356978898735926,
      "T_exec": {
        "T_exec_core_0": 0.027845884117647057,
        "T_exec_core_1": 0.12021909470588235,
        "T_exec_core_2": 0.04141659352941176,
        "T_exec_core_3": 0.012643517352941176,
        "T_exec_core_4": 0.13868793970588233,
        "T_exec_core_5": 0.10946246999999998,
        "T_exec_core_6": 0.1489312711764706,
        "max": 0.14893127117647056
      },
      "t_plink": 2.7075966796875006E-4,
      "t_plink_read": 1.8608620605468752E-4,
      "t_plink_write": 8.31734619140625E-5,
      "t_plink_kernel": 1.5000000000000002E-6,
      "read_connections": 2.0,
      "write_connections": 1.0,
      "T_lc": 0.0015405990524471507,
      "T_cc": 0.20650702850700825
    },
    {
      "T": 0.3592850076269531,
      "T_exec": {
        "T_exec_core_0": 0.05626646235294117,
        "T_exec_core_1": 0.07467489235294117,
        "T_exec_core_2": 0.11126894735294116,
        "T_exec_core_3": 0.17613714911764702,
        "T_exec_core_4": 0.09333947235294117,
        "T_exec_core_5": 0.07472198411764705,
        "T_exec_core_6": 0.012643517352941176,
        "max": 0.17613714911764702
      },
      "t_plink": 6.414320800781251E-4,
      "t_plink_read": 5.582586181640625E-4,
      "t_plink_write": 8.31734619140625E-5,
      "t_plink_kernel": 0.0,
      "read_connections": 3.0,
      "write_connections": 1.0,
      "T_lc": 0.001813882004250919,
      "T_cc": 0.18133397650505514
    },
    {
      "T": 0.4104414307398897,
      "T_exec": {
        "T_exec_core_0": 0.1442307344117647,
        "T_exec_core_1": 0.09333947235294117,
        "T_exec_core_2": 0.06472126882352941,
        "T_exec_core_3": 0.07737831294117646,
        "T_exec_core_4": 0.034740485882352935,
        "T_exec_core_5": 0.10899636647058822,
        "T_exec_core_6": 0.07564578411764705,
        "max": 0.1442307344117647
      },
      "t_plink": 6.429320800773953E-4,
      "t_plink_read": 5.582586181640624E-4,
      "t_plink_write": 8.317346191333286E-5,
      "t_plink_kernel": 1.5000000000000002E-6,
      "read_connections": 3.0,
      "write_connections": 1.0,
      "T_lc": 0.001813882004250919,
      "T_cc": 0.2643968143238741
    },
    {
      "T": 0.4110959354872759,
      "T_exec": {
        "T_exec_core_0": 0.1113603088235294,
        "T_exec_core_1": 0.07856066852941176,
        "T_exec_core_2": 0.05863065705882352,
        "T_exec_core_3": 0.13320500588235293,
        "T_exec_core_4": 0.05453883470588235,
        "T_exec_core_5": 0.10202852352941176,
        "T_exec_core_6": 0.06072842647058822,
        "max": 0.13320500588235293
      },
      "t_plink": 6.429320800781249E-4,
      "t_plink_read": 5.582586181640624E-4,
      "t_plink_write": 8.31734619140625E-5,
      "t_plink_kernel": 1.5000000000000002E-6,
      "read_connections": 3.0,
      "write_connections": 1.0,
      "T_lc": 7.255753676470439E-4,
      "T_cc": 0.27716535423727595
    }
  ]
}