{
  "timings": [
    {
      "T": 0.2550708195234226,
      "T_exec": {
        "T_exec_core_0": 0.17280948794117645,
        "max": 0.24469034789915084
      },
      "t_plink": 0.24469034789915084,
      "t_plink_read": 0.020321353666877748,
      "t_plink_write": 0.021616994232273104,
      "t_plink_kernel": 0.20275200000000002,
      "read_connections": 3.0,
      "write_connections": 3.0,
      "T_lc": 0.010380471624271729,
      "T_cc": 0.0
    },
    {
      "T": 0.4368615399072252,
      "T_exec": {
        "T_exec_core_0": 0.01739885470588235,
        "max": 0.43573968226251747
      },
      "t_plink": 0.4357396822625175,
      "t_plink_read": 0.020320869067382813,
      "t_plink_write": 0.0019948131951332093,
      "t_plink_kernel": 0.41342400000000146,
      "read_connections": 1.0,
      "write_connections": 4.0,
      "T_lc": 0.0011218576447077357,
      "T_cc": 0.0
    }
  ]
}