{
  "timings": [
    {
      "T": 0.143546066100042,
      "T_exec": {
        "T_exec_core_0": 0.11382541823529413,
        "T_exec_core_1": 0.10305211235294118,
        "T_exec_core_2": 0.11034090411764705,
        "T_exec_core_3": 0.10053801176470586,
        "T_exec_core_4": 0.11276734088235293,
        "T_exec_core_5": 0.11072980176470587,
        "max": 0.1141342974975586
      },
      "t_plink": 0.1141342974975586,
      "t_plink_read": 0.013547246044921876,
      "t_plink_write": 0.02455505145263672,
      "t_plink_kernel": 0.076032,
      "read_connections": 1.0,
      "write_connections": 1.0,
      "T_lc": 0.005288164220473345,
      "T_cc": 0.024123604382010066
    },
    {
      "T": 0.14365676344903877,
      "T_exec": {
        "T_exec_core_0": 0.11370105529411764,
        "T_exec_core_1": 0.10285906735294117,
        "T_exec_core_2": 0.11236927264705882,
        "T_exec_core_3": 0.11257465029411765,
        "T_exec_core_4": 0.11278866088235294,
        "T_exec_core_5": 0.09696088264705882,
        "max": 0.11413429749755846
      },
      "t_plink": 0.11413429749755857,
      "t_plink_read": 0.013547246044921876,
      "t_plink_write": 0.02455505145263672,
      "t_plink_kernel": 0.07603199999999999,
      "read_connections": 1.0,
      "write_connections": 1.0,
      "T_lc": 0.006471050341671775,
      "T_cc": 0.02305141560980853
    },
    {
      "T": 0.14365687096947893,
      "T_exec": {
        "T_exec_core_0": 0.11370105529411764,
        "T_exec_core_1": 0.10285906735294117,
        "T_exec_core_2": 0.11241770911764704,
        "T_exec_core_3": 0.11237270088235293,
        "T_exec_core_4": 0.11278866088235294,
        "T_exec_core_5": 0.09711439558823529,
        "max": 0.11413429749755857
      },
      "t_plink": 0.11413429749755857,
      "t_plink_read": 0.013547246044921876,
      "t_plink_write": 0.02455505145263672,
      "t_plink_kernel": 0.07603199999999999,
      "read_connections": 1.0,
      "write_connections": 1.0,
      "T_lc": 0.006471050341671775,
      "T_cc": 0.023051523130248573
    },
    {
      "T": 0.14417693868073855,
      "T_exec": {
        "T_exec_core_0": 0.11370105529411764,
        "T_exec_core_1": 0.11206768,
        "T_exec_core_2": 0.11235934499999999,
        "T_exec_core_3": 0.11236705647058826,
        "T_exec_core_4": 0.11278866088235294,
        "T_exec_core_5": 0.08796979147058823,
        "max": 0.11413429749755859
      },
      "t_plink": 0.1141342974975586,
      "t_plink_read": 0.013547246044921876,
      "t_plink_write": 0.02455505145263672,
      "t_plink_kernel": 0.076032,
      "read_connections": 1.0,
      "write_connections": 1.0,
      "T_lc": 0.005427130027266109,
      "T_cc": 0.024615511155913858
    },
    {
      "T": 0.14499347245310615,
      "T_exec": {
        "T_exec_core_0": 0.11370105529411764,
        "T_exec_core_1": 0.1076694455882353,
        "T_exec_core_2": 0.11235934499999999,
        "T_exec_core_3": 0.10993425352941177,
        "T_exec_core_4": 0.11278866088235294,
        "T_exec_core_5": 0.09479518441176471,
        "max": 0.1141353492931366
      },
      "t_plink": 0.11413534929313661,
      "t_plink_read": 0.013547972944164278,
      "t_plink_write": 0.024555376348972324,
      "t_plink_kernel": 0.076032,
      "read_connections": 3.0,
      "write_connections": 2.0,
      "T_lc": 0.004684484474574819,
      "T_cc": 0.026173638685394733
    },
    {
      "T": 0.14528674310665576,
      "T_exec": {
        "T_exec_core_0": 0.10071583029411765,
        "T_exec_core_1": 0.11587554,
        "T_exec_core_2": 0.11033097647058822,
        "T_exec_core_3": 0.11072980176470587,
        "T_exec_core_4": 0.11276734088235293,
        "T_exec_core_5": 0.10083409970588235,
        "max": 0.11587553999999999
      },
      "t_plink": 0.1141342974975586,
      "t_plink_read": 0.013547246044921876,
      "t_plink_write": 0.02455505145263672,
      "t_plink_kernel": 0.076032,
      "read_connections": 1.0,
      "write_connections": 1.0,
      "T_lc": 0.005287952200496897,
      "T_cc": 0.02412325090615889
    },
    {
      "T": 0.14539150753349955,
      "T_exec": {
        "T_exec_core_0": 0.11264081352941177,
        "T_exec_core_1": 0.11384890264705881,
        "T_exec_core_2": 0.11033097647058822,
        "T_exec_core_3": 0.1107397294117647,
        "T_exec_core_4": 0.10285906735294117,
        "T_exec_core_5": 0.10083409970588235,
        "max": 0.11413429749755838
      },
      "t_plink": 0.11413429749755846,
      "t_plink_read": 0.013547246044921876,
      "t_plink_write": 0.02455505145263672,
      "t_plink_kernel": 0.07603199999999988,
      "read_connections": 1.0,
      "write_connections": 1.0,
      "T_lc": 0.005287952200496897,
      "T_cc": 0.025969257835444282
    },
    {
      "T": 0.14539161505393983,
      "T_exec": {
        "T_exec_core_0": 0.11265074117647059,
        "T_exec_core_1": 0.11384890264705881,
        "T_exec_core_2": 0.11033097647058822,
        "T_exec_core_3": 0.11072980176470587,
        "T_exec_core_4": 0.10285906735294117,
        "T_exec_core_5": 0.10083409970588235,
        "max": 0.1141342974975586
      },
      "t_plink": 0.1141342974975586,
      "t_plink_read": 0.013547246044921876,
      "t_plink_write": 0.02455505145263672,
      "t_plink_kernel": 0.076032,
      "read_connections": 1.0,
      "write_connections": 1.0,
      "T_lc": 0.005287952200496897,
      "T_cc": 0.025969365355884327
    },
    {
      "T": 0.14584969230581452,
      "T_exec": {
        "T_exec_core_0": 0.11264081352941177,
        "T_exec_core_1": 0.11384890264705881,
        "T_exec_core_2": 0.11242335352941174,
        "T_exec_core_3": 0.08791142735294118,
        "T_exec_core_4": 0.11444467823529411,
        "T_exec_core_5": 0.10998441382352941,
        "max": 0.11444467823529411
      },
      "t_plink": 0.11413429749755383,
      "t_plink_read": 0.013547246044921876,
      "t_plink_write": 0.02455505145263672,
      "t_plink_kernel": 0.07603199999999524,
      "read_connections": 1.0,
      "write_connections": 1.0,
      "T_lc": 0.005728404788980484,
      "T_cc": 0.025676609281539916
    },
    {
      "T": 0.1466568734539301,
      "T_exec": {
        "T_exec_core_0": 0.11264081352941177,
        "T_exec_core_1": 0.11385883029411763,
        "T_exec_core_2": 0.11473263705882351,
        "T_exec_core_3": 0.08229511823529412,
        "T_exec_core_4": 0.11444467823529411,
        "T_exec_core_5": 0.11328151176470588,
        "max": 0.11473263705882351
      },
      "t_plink": 0.1141342974975586,
      "t_plink_read": 0.013547246044921876,
      "t_plink_write": 0.02455505145263672,
      "t_plink_kernel": 0.076032,
      "read_connections": 1.0,
      "write_connections": 1.0,
      "T_lc": 0.004684484474574818,
      "T_cc": 0.027239751920531775
    }
  ]
}