{
  "timings": [
    {
      "T": 0.2381728933724417,
      "T_exec": {
        "T_exec_core_0": 0.1979375244117647,
        "T_exec_core_1": 0.20916823794117645,
        "T_exec_core_2": 0.21315749529411762,
        "T_exec_core_3": 0.21052674794117646,
        "T_exec_core_4": 0.2054840982352941,
        "T_exec_core_5": 0.19310782794117648,
        "max": 0.21315749529411762
      },
      "t_plink": 0.21309452935037615,
      "t_plink_read": 0.02711549338245392,
      "t_plink_write": 0.03391503596792221,
      "t_plink_kernel": 0.152064,
      "read_connections": 7.0,
      "write_connections": 6.0,
      "T_lc": 0.00594116442153033,
      "T_cc": 0.01907423365679376
    },
    {
      "T": 0.23819886197982815,
      "T_exec": {
        "T_exec_core_0": 0.19615311235294117,
        "T_exec_core_1": 0.20916823794117645,
        "T_exec_core_2": 0.21390535117647055,
        "T_exec_core_3": 0.19310782794117648,
        "T_exec_core_4": 0.2054840982352941,
        "T_exec_core_5": 0.21156330411764707,
        "max": 0.21390535117647055
      },
      "t_plink": 0.21309452935037615,
      "t_plink_read": 0.02711549338245392,
      "t_plink_write": 0.03391503596792221,
      "t_plink_kernel": 0.152064,
      "read_connections": 7.0,
      "write_connections": 6.0,
      "T_lc": 0.00594116442153033,
      "T_cc": 0.018352346381827242
    },
    {
      "T": 0.23906214234503376,
      "T_exec": {
        "T_exec_core_0": 0.19615311235294117,
        "T_exec_core_1": 0.20916823794117645,
        "T_exec_core_2": 0.21494190735294116,
        "T_exec_core_3": 0.19310782794117648,
        "T_exec_core_4": 0.21625392264705878,
        "T_exec_core_5": 0.19975692352941177,
        "max": 0.21625392264705878
      },
      "t_plink": 0.21309452935037615,
      "t_plink_read": 0.02711549338245392,
      "t_plink_write": 0.03391503596792221,
      "t_plink_kernel": 0.152064,
      "read_connections": 7.0,
      "write_connections": 6.0,
      "T_lc": 0.004455873316147748,
      "T_cc": 0.01835234638182724
    },
    {
      "T": 0.24036418398509102,
      "T_exec": {
        "T_exec_core_0": 0.19615311235294117,
        "T_exec_core_1": 0.21512551029411764,
        "T_exec_core_2": 0.19310782794117648,
        "T_exec_core_3": 0.2160703197058823,
        "T_exec_core_4": 0.20916823794117645,
        "T_exec_core_5": 0.19975692352941177,
        "max": 0.2160703197058823
      },
      "t_plink": 0.21309452935037615,
      "t_plink_read": 0.02711549338245392,
      "t_plink_write": 0.03391503596792221,
      "t_plink_kernel": 0.152064,
      "read_connections": 7.0,
      "write_connections": 6.0,
      "T_lc": 0.005941164421530316,
      "T_cc": 0.018352699857678414
    },
    {
      "T": 0.244912715492975,
      "T_exec": {
        "T_exec_core_0": 0.19615311235294117,
        "T_exec_core_1": 0.1945626005882353,
        "T_exec_core_2": 0.19310782794117648,
        "T_exec_core_3": 0.19986057029411763,
        "T_exec_core_4": 0.20916823794117645,
        "T_exec_core_5": 0.21382142499999998,
        "max": 0.21754992748603819
      },
      "t_plink": 0.2175499274860382,
      "t_plink_read": 0.027094976689338683,
      "t_plink_write": 0.038390950796699526,
      "t_plink_kernel": 0.152064,
      "read_connections": 5.0,
      "write_connections": 6.0,
      "T_lc": 0.005941164421530325,
      "T_cc": 0.02142162358540647
    },
    {
      "T": 0.24583571895761772,
      "T_exec": {
        "T_exec_core_0": 0.20916823794117645,
        "T_exec_core_1": 0.1945626005882353,
        "T_exec_core_2": 0.19310782794117648,
        "T_exec_core_3": 0.19986057029411763,
        "T_exec_core_4": 0.19615311235294117,
        "T_exec_core_5": 0.21382142499999998,
        "max": 0.2175499274860382
      },
      "t_plink": 0.2175499274860382,
      "t_plink_read": 0.027094976689338683,
      "t_plink_write": 0.038390950796699526,
      "t_plink_kernel": 0.152064,
      "read_connections": 5.0,
      "write_connections": 6.0,
      "T_lc": 0.00594116442153033,
      "T_cc": 0.022344627050049165
    },
    {
      "T": 0.31775591382622187,
      "T_exec": {
        "T_exec_core_0": 0.20916823794117645,
        "T_exec_core_1": 0.28646885294117647,
        "T_exec_core_2": 0.1292264361764706,
        "T_exec_core_3": 0.2738693376470588,
        "T_exec_core_4": 0.2592399214705882,
        "T_exec_core_5": 0.048700987941176464,
        "max": 0.28646885294117647
      },
      "t_plink": 0.2175499274860382,
      "t_plink_read": 0.027094976689338683,
      "t_plink_write": 0.038390950796699526,
      "t_plink_kernel": 0.152064,
      "read_connections": 5.0,
      "write_connections": 6.0,
      "T_lc": 0.004547825967872844,
      "T_cc": 0.02673923491717254
    },
    {
      "T": 0.3483404332273188,
      "T_exec": {
        "T_exec_core_0": 0.051995664999999996,
        "T_exec_core_1": 0.3224662182352941,
        "T_exec_core_2": 0.04136536,
        "T_exec_core_3": 0.19310782794117648,
        "T_exec_core_4": 0.03608711088235294,
        "T_exec_core_5": 0.06559753735294117,
        "max": 0.3238384642029762
      },
      "t_plink": 0.3238384642029762,
      "t_plink_read": 0.020327707965087892,
      "t_plink_write": 0.06378675623788833,
      "t_plink_kernel": 0.239724,
      "read_connections": 2.0,
      "write_connections": 5.0,
      "T_lc": 0.010255105203065829,
      "T_cc": 0.014246863821276776
    }
  ]
}