{
  "timings": [
    {
      "T": 0.27455466390854777,
      "T_exec": {
        "T_exec_core_0": 0.13161156558823528,
        "T_exec_core_1": 0.12176005058823527,
        "T_exec_core_2": 0.08330851882352941,
        "T_exec_core_3": 0.13183584470588233,
        "T_exec_core_4": 0.13069591411764703,
        "max": 0.13183584470588233
      },
      "t_plink": 5.18874609375E-4,
      "t_plink_read": 4.3420114746093756E-4,
      "t_plink_write": 8.31734619140625E-5,
      "t_plink_kernel": 1.5000000000000002E-6,
      "read_connections": 1.0,
      "write_connections": 1.0,
      "T_lc": 0.002082492298368566,
      "T_cc": 0.14063632690429687
    },
    {
      "T": 0.27455601014303765,
      "T_exec": {
        "T_exec_core_0": 0.08330851882352941,
        "T_exec_core_1": 0.13183584470588233,
        "T_exec_core_2": 0.13069591411764703,
        "T_exec_core_3": 0.12176005058823527,
        "T_exec_core_4": 0.13161156558823528,
        "max": 0.13183584470588233
      },
      "t_plink": 5.18874609375E-4,
      "t_plink_read": 4.3420114746093756E-4,
      "t_plink_write": 8.31734619140625E-5,
      "t_plink_kernel": 1.5000000000000002E-6,
      "read_connections": 1.0,
      "write_connections": 1.0,
      "T_lc": 0.002082492298368566,
      "T_cc": 0.14063767313878678
    },
    {
      "T": 0.274557952784352,
      "T_exec": {
        "T_exec_core_0": 0.13085025970588232,
        "T_exec_core_1": 0.12176005058823527,
        "T_exec_core_2": 0.13183584470588233,
        "T_exec_core_3": 0.08330851882352941,
        "T_exec_core_4": 0.13145209676470587,
        "max": 0.13183584470588233
      },
      "t_plink": 2.7075966796875006E-4,
      "t_plink_read": 1.8608620605468752E-4,
      "t_plink_write": 8.31734619140625E-5,
      "t_plink_kernel": 1.5000000000000002E-6,
      "read_connections": 2.0,
      "write_connections": 1.0,
      "T_lc": 0.002082492298368566,
      "T_cc": 0.1406396157801011
    },
    {
      "T": 0.27457538573644297,
      "T_exec": {
        "T_exec_core_0": 0.13143043235294116,
        "T_exec_core_1": 0.13069591411764703,
        "T_exec_core_2": 0.12176005058823527,
        "T_exec_core_3": 0.08330851882352941,
        "T_exec_core_4": 0.13185750911764704,
        "max": 0.13185750911764704
      },
      "t_plink": 6.42932080078125E-4,
      "t_plink_read": 5.582586181640625E-4,
      "t_plink_write": 8.31734619140625E-5,
      "t_plink_kernel": 1.5000000000000002E-6,
      "read_connections": 3.0,
      "write_connections": 1.0,
      "T_lc": 0.002081549714499074,
      "T_cc": 0.14063632690429684
    },
    {
      "T": 0.2745763283203124,
      "T_exec": {
        "T_exec_core_0": 0.13143043235294116,
        "T_exec_core_1": 0.13069591411764703,
        "T_exec_core_2": 0.12176005058823527,
        "T_exec_core_3": 0.08330851882352941,
        "T_exec_core_4": 0.13185750911764704,
        "max": 0.13185750911764704
      },
      "t_plink": 6.429946527905819E-4,
      "t_plink_read": 5.582586181640625E-4,
      "t_plink_write": 8.31734619140625E-5,
      "t_plink_kernel": 1.5625727124568394E-6,
      "read_connections": 3.0,
      "write_connections": 1.0,
      "T_lc": 0.002082492298368566,
      "T_cc": 0.14063632690429684
    },
    {
      "T": 0.27469521583926926,
      "T_exec": {
        "T_exec_core_0": 0.16570481470588233,
        "T_exec_core_1": 0.1596199438235294,
        "T_exec_core_2": 0.12176005058823527,
        "T_exec_core_3": 0.07472198411764705,
        "T_exec_core_4": 0.07739997735294117,
        "max": 0.16570481470588233
      },
      "t_plink": 2.7075966796875006E-4,
      "t_plink_read": 1.8608620605468752E-4,
      "t_plink_write": 8.31734619140625E-5,
      "t_plink_kernel": 1.5000000000000002E-6,
      "read_connections": 2.0,
      "write_connections": 1.0,
      "T_lc": 0.002082492298368566,
      "T_cc": 0.10690790883501838
    },
    {
      "T": 0.27474230760397517,
      "T_exec": {
        "T_exec_core_0": 0.07467489235294117,
        "T_exec_core_1": 0.1596199438235294,
        "T_exec_core_2": 0.12176005058823527,
        "T_exec_core_3": 0.16575190647058824,
        "T_exec_core_4": 0.07739997735294117,
        "max": 0.1657519064705882
      },
      "t_plink": 2.7075966796875006E-4,
      "t_plink_read": 1.8608620605468752E-4,
      "t_plink_write": 8.31734619140625E-5,
      "t_plink_kernel": 1.5000000000000002E-6,
      "read_connections": 2.0,
      "write_connections": 1.0,
      "T_lc": 0.002082492298368566,
      "T_cc": 0.10690790883501838
    },
    {
      "T": 0.274743653838465,
      "T_exec": {
        "T_exec_core_0": 0.12176005058823527,
        "T_exec_core_1": 0.1594655982352941,
        "T_exec_core_2": 0.07467489235294117,
        "T_exec_core_3": 0.16575190647058824,
        "T_exec_core_4": 0.07755944617647058,
        "max": 0.16575190647058816
      },
      "t_plink": 5.18874609375E-4,
      "t_plink_read": 4.3420114746093756E-4,
      "t_plink_write": 8.31734619140625E-5,
      "t_plink_kernel": 1.5000000000000002E-6,
      "read_connections": 1.0,
      "write_connections": 1.0,
      "T_lc": 0.0020824922983685937,
      "T_cc": 0.10690925506950827
    },
    {
      "T": 0.27742129620059736,
      "T_exec": {
        "T_exec_core_0": 0.12176005058823527,
        "T_exec_core_1": 0.1594655982352941,
        "T_exec_core_2": 0.07467489235294117,
        "T_exec_core_3": 0.07472198411764705,
        "T_exec_core_4": 0.16842989970588232,
        "max": 0.16842989970588232
      },
      "t_plink": 6.42932080078125E-4,
      "t_plink_read": 5.582586181640625E-4,
      "t_plink_write": 8.31734619140625E-5,
      "t_plink_kernel": 1.5000000000000002E-6,
      "read_connections": 3.0,
      "write_connections": 1.0,
      "T_lc": 0.002082516339039511,
      "T_cc": 0.10690888015567554
    },
    {
      "T": 0.2823606554210708,
      "T_exec": {
        "T_exec_core_0": 0.12176005058823527,
        "T_exec_core_1": 0.13161971411764706,
        "T_exec_core_2": 0.13183584470588233,
        "T_exec_core_3": 0.10256786823529411,
        "T_exec_core_4": 0.11126894735294116,
        "max": 0.13183584470588233
      },
      "t_plink": 6.42932080078125E-4,
      "t_plink_read": 5.582586181640625E-4,
      "t_plink_write": 8.31734619140625E-5,
      "t_plink_kernel": 1.5000000000000002E-6,
      "read_connections": 3.0,
      "write_connections": 1.0,
      "T_lc": 0.002082492298368566,
      "T_cc": 0.14844231841681987
    }
  ]
}