{
  "timings": [
    {
      "T": 0.25108315271245424,
      "T_exec": {
        "T_exec_core_0": 0.19615311235294117,
        "T_exec_core_1": 0.19975692352941177,
        "T_exec_core_2": 0.22716146382352942,
        "T_exec_core_3": 0.22919493882352943,
        "T_exec_core_4": 0.20916823794117645,
        "max": 0.22919492882352943
      },
      "t_plink": 0.22615013425145727,
      "t_plink_read": 0.028951982173347476,
      "t_plink_write": 0.045134152078109745,
      "t_plink_kernel": 0.15206400000000003,
      "read_connections": 9.0,
      "write_connections": 5.0,
      "T_lc": 0.008911746632295464,
      "T_cc": 0.012976477256629326
    },
    {
      "T": 0.25108316271245423,
      "T_exec": {
        "T_exec_core_0": 0.19615311235294117,
        "T_exec_core_1": 0.19975692352941177,
        "T_exec_core_2": 0.22716146382352942,
        "T_exec_core_3": 0.22919493882352943,
        "T_exec_core_4": 0.20916823794117645,
        "max": 0.22919493882352943
      },
      "t_plink": 0.22615013425145722,
      "t_plink_read": 0.028951982173347476,
      "t_plink_write": 0.045134152078109745,
      "t_plink_kernel": 0.152064,
      "read_connections": 9.0,
      "write_connections": 5.0,
      "T_lc": 0.008911746632295495,
      "T_cc": 0.012976477256629326
    },
    {
      "T": 0.25108316271245423,
      "T_exec": {
        "T_exec_core_0": 0.19615311235294117,
        "T_exec_core_1": 0.19975692352941177,
        "T_exec_core_2": 0.22716146382352942,
        "T_exec_core_3": 0.22919493882352943,
        "T_exec_core_4": 0.20916823794117645,
        "max": 0.22919493882352943
      },
      "t_plink": 0.22615013425145727,
      "t_plink_read": 0.028951982173347476,
      "t_plink_write": 0.045134152078109745,
      "t_plink_kernel": 0.15206400000000003,
      "read_connections": 9.0,
      "write_connections": 5.0,
      "T_lc": 0.008911746632295495,
      "T_cc": 0.012976477256629326
    },
    {
      "T": 0.25383864331411865,
      "T_exec": {
        "T_exec_core_0": 0.2322402232352941,
        "T_exec_core_1": 0.19975692352941177,
        "T_exec_core_2": 0.22716146382352942,
        "T_exec_core_3": 0.19310782794117648,
        "T_exec_core_4": 0.20916823794117645,
        "max": 0.2322402232352941
      },
      "t_plink": 0.22615013425145722,
      "t_plink_read": 0.028951982173347476,
      "t_plink_write": 0.045134152078109745,
      "t_plink_kernel": 0.152064,
      "read_connections": 9.0,
      "write_connections": 5.0,
      "T_lc": 0.008911746632295495,
      "T_cc": 0.01268667344652905
    },
    {
      "T": 0.25505109711300916,
      "T_exec": {
        "T_exec_core_0": 0.20916823794117645,
        "T_exec_core_1": 0.19310782794117648,
        "T_exec_core_2": 0.2322402232352941,
        "T_exec_core_3": 0.19975692352941177,
        "T_exec_core_4": 0.22716146382352942,
        "max": 0.2322402232352941
      },
      "t_plink": 0.22615013425145722,
      "t_plink_read": 0.028951982173347476,
      "t_plink_write": 0.045134152078109745,
      "t_plink_kernel": 0.152064,
      "read_connections": 9.0,
      "write_connections": 5.0,
      "T_lc": 0.008911746632294215,
      "T_cc": 0.013899127245420848
    },
    {
      "T": 0.27915260133110564,
      "T_exec": {
        "T_exec_core_0": 0.20916823794117645,
        "T_exec_core_1": 0.24886275352941173,
        "T_exec_core_2": 0.19615311235294117,
        "T_exec_core_3": 0.24510349294117645,
        "T_exec_core_4": 0.21414274470588235,
        "max": 0.24886275352941173
      },
      "t_plink": 0.2220590641345024,
      "t_plink_read": 0.027101815587043762,
      "t_plink_write": 0.04289324854745866,
      "t_plink_kernel": 0.152064,
      "read_connections": 6.0,
      "write_connections": 6.0,
      "T_lc": 0.005941164421530198,
      "T_cc": 0.024348683380163695
    },
    {
      "T": 0.3186133137891936,
      "T_exec": {
        "T_exec_core_0": 0.06559753735294117,
        "T_exec_core_1": 0.04477244235294117,
        "T_exec_core_2": 0.03608711088235294,
        "T_exec_core_3": 0.03479313264705882,
        "T_exec_core_4": 0.051995664999999996,
        "max": 0.31710583122587205
      },
      "t_plink": 0.31710583122587205,
      "t_plink_read": 0.020320869067382813,
      "t_plink_write": 0.0019980621584892275,
      "t_plink_kernel": 0.2947869,
      "read_connections": 1.0,
      "write_connections": 7.0,
      "T_lc": 9.291635957601185E-4,
      "T_cc": 5.783189675614413E-4
    },
    {
      "T": 0.343461749909189,
      "T_exec": {
        "T_exec_core_0": 0.2811906038235294,
        "T_exec_core_1": 0.06828113205882352,
        "T_exec_core_2": 0.04477244235294117,
        "T_exec_core_3": 0.06559753735294117,
        "T_exec_core_4": 0.048700987941176464,
        "max": 0.32383968119173023
      },
      "t_plink": 0.32383968119173023,
      "t_plink_read": 0.02032795026483536,
      "t_plink_write": 0.06378773092689514,
      "t_plink_kernel": 0.23972399999999972,
      "read_connections": 3.0,
      "write_connections": 7.0,
      "T_lc": 0.00613385847047504,
      "T_cc": 0.013488210246983696
    },
    {
      "T": 0.47239777739952293,
      "T_exec": {
        "T_exec_core_0": 0.17773431411764704,
        "T_exec_core_1": 0.34824637735294117,
        "T_exec_core_2": 0.4260686132352941,
        "T_exec_core_3": 0.38430937676470583,
        "T_exec_core_4": 0.2588918988235294,
        "max": 0.4260686132352941
      },
      "t_plink": 0.3242082663414002,
      "t_plink_read": 0.041753667586612704,
      "t_plink_write": 0.042892598754787445,
      "t_plink_kernel": 0.23956200000000005,
      "read_connections": 6.0,
      "write_connections": 6.0,
      "T_lc": 0.0029705822107647384,
      "T_cc": 0.04335858195346411
    }
  ]
}