{
  "timings": [
    {
      "T": 0.22827328271526723,
      "T_exec": {
        "T_exec_core_0": 0.2020647738235294,
        "T_exec_core_1": 0.19310782794117648,
        "T_exec_core_2": 0.1840996164705882,
        "T_exec_core_3": 0.20124555441176467,
        "T_exec_core_4": 0.1883068320588235,
        "T_exec_core_5": 0.19253494499999999,
        "T_exec_core_6": 0.19615311235294117,
        "T_exec_core_7": 0.19975692352941177,
        "max": 0.20352759737720483
      },
      "t_plink": 0.20352792227354052,
      "t_plink_read": 0.023708165178108215,
      "t_plink_write": 0.027755757095432283,
      "t_plink_kernel": 0.152064,
      "read_connections": 4.0,
      "write_connections": 4.0,
      "T_lc": 0.004455873316147746,
      "T_cc": 0.020289812021914648
    },
    {
      "T": 0.22827360761160287,
      "T_exec": {
        "T_exec_core_0": 0.2020647738235294,
        "T_exec_core_1": 0.19310782794117648,
        "T_exec_core_2": 0.1840996164705882,
        "T_exec_core_3": 0.20124555441176467,
        "T_exec_core_4": 0.1883068320588235,
        "T_exec_core_5": 0.19253494499999999,
        "T_exec_core_6": 0.19615311235294117,
        "T_exec_core_7": 0.19975692352941177,
        "max": 0.2035279222735405
      },
      "t_plink": 0.20352792227354052,
      "t_plink_read": 0.023708165178108215,
      "t_plink_write": 0.027755757095432283,
      "t_plink_kernel": 0.152064,
      "read_connections": 4.0,
      "write_connections": 4.0,
      "T_lc": 0.004455873316147725,
      "T_cc": 0.020289812021914648
    },
    {
      "T": 0.22827360761160292,
      "T_exec": {
        "T_exec_core_0": 0.2010282176470588,
        "T_exec_core_1": 0.19310782794117648,
        "T_exec_core_2": 0.20111122852941174,
        "T_exec_core_3": 0.19309306411764704,
        "T_exec_core_4": 0.1883068320588235,
        "T_exec_core_5": 0.19253494499999999,
        "T_exec_core_6": 0.19615311235294117,
        "T_exec_core_7": 0.19975692352941177,
        "max": 0.20352792227354052
      },
      "t_plink": 0.20352792227354052,
      "t_plink_read": 0.023708165178108215,
      "t_plink_write": 0.027755757095432286,
      "t_plink_kernel": 0.152064,
      "read_connections": 4.0,
      "write_connections": 4.0,
      "T_lc": 0.004455873316147748,
      "T_cc": 0.020289812021914648
    },
    {
      "T": 0.2290527943540489,
      "T_exec": {
        "T_exec_core_0": 0.2020647738235294,
        "T_exec_core_1": 0.19310782794117648,
        "T_exec_core_2": 0.17863413676470588,
        "T_exec_core_3": 0.20124555441176467,
        "T_exec_core_4": 0.1883068320588235,
        "T_exec_core_5": 0.1980004247058823,
        "T_exec_core_6": 0.19615311235294117,
        "T_exec_core_7": 0.19975692352941177,
        "max": 0.20352792227354052
      },
      "t_plink": 0.20352792227354052,
      "t_plink_read": 0.023708165178108215,
      "t_plink_write": 0.027755757095432283,
      "t_plink_kernel": 0.152064,
      "read_connections": 4.0,
      "write_connections": 4.0,
      "T_lc": 0.004455873316147748,
      "T_cc": 0.02106899876436065
    },
    {
      "T": 0.2290934735806437,
      "T_exec": {
        "T_exec_core_0": 0.2020647738235294,
        "T_exec_core_1": 0.19310782794117648,
        "T_exec_core_2": 0.1840996164705882,
        "T_exec_core_3": 0.1936231744117647,
        "T_exec_core_4": 0.1883068320588235,
        "T_exec_core_5": 0.1643714094117647,
        "T_exec_core_6": 0.19615311235294117,
        "T_exec_core_7": 0.19975692352941177,
        "max": 0.20356895497598648
      },
      "t_plink": 0.20356895497598648,
      "t_plink_read": 0.023728681871223452,
      "t_plink_write": 0.027776273104763032,
      "t_plink_kernel": 0.152064,
      "read_connections": 6.0,
      "write_connections": 5.0,
      "T_lc": 0.004455873316147739,
      "T_cc": 0.021068645288509477
    },
    {
      "T": 0.22938363086659516,
      "T_exec": {
        "T_exec_core_0": 0.2020647738235294,
        "T_exec_core_1": 0.19310782794117648,
        "T_exec_core_2": 0.1840996164705882,
        "T_exec_core_3": 0.17113793588235293,
        "T_exec_core_4": 0.17470495970588235,
        "T_exec_core_5": 0.20045852029411765,
        "T_exec_core_6": 0.19615311235294117,
        "T_exec_core_7": 0.19975692352941177,
        "max": 0.20356895497598648
      },
      "t_plink": 0.20356895497598648,
      "t_plink_read": 0.023728681871223452,
      "t_plink_write": 0.027776273104763032,
      "t_plink_kernel": 0.152064,
      "read_connections": 6.0,
      "write_connections": 5.0,
      "T_lc": 0.004455873316147748,
      "T_cc": 0.021358802574460926
    },
    {
      "T": 0.23303972265531409,
      "T_exec": {
        "T_exec_core_0": 0.2020647738235294,
        "T_exec_core_1": 0.19310782794117648,
        "T_exec_core_2": 0.1840996164705882,
        "T_exec_core_3": 0.20722504676470588,
        "T_exec_core_4": 0.17470495970588235,
        "T_exec_core_5": 0.1643714094117647,
        "T_exec_core_6": 0.19615311235294117,
        "T_exec_core_7": 0.19975692352941177,
        "max": 0.20722504676470588
      },
      "t_plink": 0.20356895497598648,
      "t_plink_read": 0.023728681871223452,
      "t_plink_write": 0.027776273104763032,
      "t_plink_kernel": 0.152064,
      "read_connections": 6.0,
      "write_connections": 5.0,
      "T_lc": 0.004455873316147274,
      "T_cc": 0.021358802574460926
    },
    {
      "T": 0.2363216043024035,
      "T_exec": {
        "T_exec_core_0": 0.2020647738235294,
        "T_exec_core_1": 0.19310782794117648,
        "T_exec_core_2": 0.1840996164705882,
        "T_exec_core_3": 0.17113793588235293,
        "T_exec_core_4": 0.2107920705882353,
        "T_exec_core_5": 0.20015732499999997,
        "T_exec_core_6": 0.19615311235294117,
        "T_exec_core_7": 0.19975692352941177,
        "max": 0.2107920705882353
      },
      "t_plink": 0.20352792227354052,
      "t_plink_read": 0.023708165178108215,
      "t_plink_write": 0.027755757095432283,
      "t_plink_kernel": 0.152064,
      "read_connections": 4.0,
      "write_connections": 4.0,
      "T_lc": 0.004455873316147748,
      "T_cc": 0.021073660398020465
    },
    {
      "T": 0.2886898406353375,
      "T_exec": {
        "T_exec_core_0": 0.2577378788235294,
        "T_exec_core_1": 0.24951044970588235,
        "T_exec_core_2": 0.1034514088235294,
        "T_exec_core_3": 0.22255683529411763,
        "T_exec_core_4": 0.18070983117647058,
        "T_exec_core_5": 0.051995664999999996,
        "T_exec_core_6": 0.2583031782352941,
        "T_exec_core_7": 0.20504098852941177,
        "max": 0.2583031782352937
      },
      "t_plink": 0.20356895497598648,
      "t_plink_read": 0.02372868187122345,
      "t_plink_write": 0.027776273104763036,
      "t_plink_kernel": 0.152064,
      "read_connections": 6.0,
      "write_connections": 5.0,
      "T_lc": 0.005941164421530143,
      "T_cc": 0.02444549797851366
    },
    {
      "T": 0.29701840002218743,
      "T_exec": {
        "T_exec_core_0": 0.2588948711764706,
        "T_exec_core_1": 0.17780185294117645,
        "T_exec_core_2": 0.12720524705882352,
        "T_exec_core_3": 0.24844794382352936,
        "T_exec_core_4": 0.04082472764705882,
        "T_exec_core_5": 0.2457210458823529,
        "T_exec_core_6": 0.2442359938235294,
        "T_exec_core_7": 0.17835198764705884,
        "max": 0.2588948711764705
      },
      "t_plink": 0.20356895497598648,
      "t_plink_read": 0.023728681871223452,
      "t_plink_write": 0.027776273104763032,
      "t_plink_kernel": 0.152064,
      "read_connections": 6.0,
      "write_connections": 5.0,
      "T_lc": 0.002970582210765165,
      "T_cc": 0.03515294663495176
    }
  ]
}