{
  "timings": [
    {
      "T": 0.21469360061795856,
      "T_exec": {
        "T_exec_core_0": 0.15873477147058823,
        "T_exec_core_1": 0.10941898529411764,
        "T_exec_core_2": 0.11769084558823528,
        "T_exec_core_3": 4.227352941176471E-6,
        "T_exec_core_4": 0.11944639411764706,
        "T_exec_core_5": 0.11314043735294117,
        "T_exec_core_6": 0.11481036764705882,
        "max": 0.1664503838867188
      },
      "t_plink": 0.16645103367939582,
      "t_plink_read": 0.08564815810546876,
      "t_plink_write": 0.028822875573921207,
      "t_plink_kernel": 0.05198000000000584,
      "read_connections": 2.0,
      "write_connections": 4.0,
      "T_lc": 0.024142075407028195,
      "T_cc": 0.02410114132421157
    },
    {
      "T": 0.21469466104552234,
      "T_exec": {
        "T_exec_core_0": 0.1587312214705882,
        "T_exec_core_1": 0.10941898529411764,
        "T_exec_core_2": 0.11769084558823528,
        "T_exec_core_3": 4.227352941176471E-6,
        "T_exec_core_4": 0.11944639411764706,
        "T_exec_core_5": 0.11314398735294118,
        "T_exec_core_6": 0.11481036764705882,
        "max": 0.16645038388672906
      },
      "t_plink": 0.16645103367940028,
      "t_plink_read": 0.08564815810546876,
      "t_plink_write": 0.028822875573921207,
      "t_plink_kernel": 0.051980000000010324,
      "read_connections": 2.0,
      "write_connections": 4.0,
      "T_lc": 0.024142075407028195,
      "T_cc": 0.02410220175176508
    },
    {
      "T": 0.2208879654301361,
      "T_exec": {
        "T_exec_core_0": 0.15873477147058823,
        "T_exec_core_1": 0.11944639411764706,
        "T_exec_core_2": 0.10669265499999997,
        "T_exec_core_3": 4.227352941176471E-6,
        "T_exec_core_4": 0.08970886794117647,
        "T_exec_core_5": 0.13285055470588236,
        "T_exec_core_6": 0.12580855823529413,
        "max": 0.16645038388671882
      },
      "t_plink": 0.1664510336793956,
      "t_plink_read": 0.08564815810546876,
      "t_plink_write": 0.028822875573921207,
      "t_plink_kernel": 0.05198000000000562,
      "read_connections": 2.0,
      "write_connections": 4.0,
      "T_lc": 0.02718814116197449,
      "T_cc": 0.0272494403814428
    },
    {
      "T": 0.2208885339468673,
      "T_exec": {
        "T_exec_core_0": 0.1587312214705882,
        "T_exec_core_1": 0.11944639411764706,
        "T_exec_core_2": 0.10669265499999997,
        "T_exec_core_3": 3.55E-6,
        "T_exec_core_4": 0.08970886794117647,
        "T_exec_core_5": 0.13285055470588236,
        "T_exec_core_6": 0.12580855823529413,
        "max": 0.1664503838867188
      },
      "t_plink": 0.16645095108280183,
      "t_plink_read": 0.08564840040521622,
      "t_plink_write": 0.028822550677585605,
      "t_plink_kernel": 0.05198,
      "read_connections": 4.0,
      "write_connections": 3.0,
      "T_lc": 0.027188141161974468,
      "T_cc": 0.027250008898174062
    },
    {
      "T": 0.22145343298277004,
      "T_exec": {
        "T_exec_core_0": 0.1587354488235294,
        "T_exec_core_1": 0.11944639411764706,
        "T_exec_core_2": 0.09091840735294116,
        "T_exec_core_3": 0.08058631647058823,
        "T_exec_core_4": 0.10941898529411764,
        "T_exec_core_5": 0.07604274735294117,
        "T_exec_core_6": 0.0980977294117647,
        "max": 0.16645103367938988
      },
      "t_plink": 0.16645103367938996,
      "t_plink_read": 0.08564815810546876,
      "t_plink_write": 0.028822875573921207,
      "t_plink_kernel": 0.05197999999999997,
      "read_connections": 2.0,
      "write_connections": 4.0,
      "T_lc": 0.01507936168636995,
      "T_cc": 0.03992303761701023
    },
    {
      "T": 0.2220421767834383,
      "T_exec": {
        "T_exec_core_0": 0.1587312214705882,
        "T_exec_core_1": 0.11944639411764706,
        "T_exec_core_2": 0.09092263470588235,
        "T_exec_core_3": 0.10029288382352941,
        "T_exec_core_4": 0.08970886794117647,
        "T_exec_core_5": 0.07604629735294116,
        "T_exec_core_6": 0.0980977294117647,
        "max": 0.16645103367938996
      },
      "t_plink": 0.16645103367938996,
      "t_plink_read": 0.08564815810546876,
      "t_plink_write": 0.028822875573921207,
      "t_plink_kernel": 0.05198,
      "read_connections": 2.0,
      "write_connections": 4.0,
      "T_lc": 0.01571501317573996,
      "T_cc": 0.03987612992830837
    },
    {
      "T": 0.22329911136005612,
      "T_exec": {
        "T_exec_core_0": 0.14481583235294115,
        "T_exec_core_1": 0.11944639411764706,
        "T_exec_core_2": 0.09091840735294116,
        "T_exec_core_3": 0.08058276647058824,
        "T_exec_core_4": 0.12333437441176469,
        "T_exec_core_5": 0.07604629735294116,
        "T_exec_core_6": 0.0980977294117647,
        "max": 0.16645095108280183
      },
      "t_plink": 0.16645095108280183,
      "t_plink_read": 0.08564840040521622,
      "t_plink_write": 0.028822550677585605,
      "t_plink_kernel": 0.05198,
      "read_connections": 4.0,
      "write_connections": 3.0,
      "T_lc": 0.015079361686369794,
      "T_cc": 0.04176879859088448
    },
    {
      "T": 0.2242208406769185,
      "T_exec": {
        "T_exec_core_0": 0.14116463735294116,
        "T_exec_core_1": 0.0815319088235294,
        "T_exec_core_2": 0.09091840735294116,
        "T_exec_core_3": 0.08058276647058824,
        "T_exec_core_4": 0.16490360470588233,
        "T_exec_core_5": 0.07604274735294117,
        "T_exec_core_6": 0.0980977294117647,
        "max": 0.16645038388672387
      },
      "t_plink": 0.16645095108280705,
      "t_plink_read": 0.08564840040521622,
      "t_plink_write": 0.028822550677585605,
      "t_plink_kernel": 0.051980000000005216,
      "read_connections": 4.0,
      "write_connections": 3.0,
      "T_lc": 0.015079361686369794,
      "T_cc": 0.042691095103824836
    },
    {
      "T": 0.22545975638579194,
      "T_exec": {
        "T_exec_core_0": 0.14116108735294117,
        "T_exec_core_1": 0.16490715470588235,
        "T_exec_core_2": 0.09091840735294116,
        "T_exec_core_3": 0.16211467529411763,
        "T_exec_core_4": 4.227352941176471E-6,
        "T_exec_core_5": 0.07604274735294117,
        "T_exec_core_6": 0.0980977294117647,
        "max": 0.16645038388671868
      },
      "t_plink": 0.1664510336793964,
      "t_plink_read": 0.08564815810546876,
      "t_plink_write": 0.028822875573921207,
      "t_plink_kernel": 0.05198000000000644,
      "read_connections": 2.0,
      "write_connections": 4.0,
      "T_lc": 0.016318246480717377,
      "T_cc": 0.04269112601835587
    },
    {
      "T": 0.22546040617846913,
      "T_exec": {
        "T_exec_core_0": 0.14116108735294117,
        "T_exec_core_1": 0.16490715470588235,
        "T_exec_core_2": 0.09091840735294116,
        "T_exec_core_3": 0.16211467529411763,
        "T_exec_core_4": 4.227352941176471E-6,
        "T_exec_core_5": 0.07604274735294117,
        "T_exec_core_6": 0.0980977294117647,
        "max": 0.1664510336793959
      },
      "t_plink": 0.16645103367939595,
      "t_plink_read": 0.08564815810546876,
      "t_plink_write": 0.028822875573921207,
      "t_plink_kernel": 0.051980000000005994,
      "read_connections": 2.0,
      "write_connections": 4.0,
      "T_lc": 0.016318246480717374,
      "T_cc": 0.04269112601835587
    }
  ]
}