{
  "timings": [
    {
      "T": 0.2510826781129592,
      "T_exec": {
        "T_exec_core_0": 0.19615311235294117,
        "T_exec_core_1": 0.22919493882352943,
        "T_exec_core_2": 0.20916823794117645,
        "T_exec_core_3": 0.19975692352941177,
        "T_exec_core_4": 0.22716146382352942,
        "max": 0.2291944542240344
      },
      "t_plink": 0.2261501342514601,
      "t_plink_read": 0.028951982173347476,
      "t_plink_write": 0.045134152078109745,
      "t_plink_kernel": 0.15206400000000286,
      "read_connections": 9.0,
      "write_connections": 5.0,
      "T_lc": 0.008911746632295495,
      "T_cc": 0.012976477256629326
    },
    {
      "T": 0.25108316271245423,
      "T_exec": {
        "T_exec_core_0": 0.19615311235294117,
        "T_exec_core_1": 0.22919493882352943,
        "T_exec_core_2": 0.20916823794117645,
        "T_exec_core_3": 0.19975692352941177,
        "T_exec_core_4": 0.22716146382352942,
        "max": 0.2291949388235294
      },
      "t_plink": 0.2261501342514601,
      "t_plink_read": 0.028951982173347476,
      "t_plink_write": 0.045134152078109745,
      "t_plink_kernel": 0.15206400000000286,
      "read_connections": 9.0,
      "write_connections": 5.0,
      "T_lc": 0.008911746632295495,
      "T_cc": 0.012976477256629326
    },
    {
      "T": 0.2520058127012457,
      "T_exec": {
        "T_exec_core_0": 0.20916823794117645,
        "T_exec_core_1": 0.22919493882352943,
        "T_exec_core_2": 0.19615311235294117,
        "T_exec_core_3": 0.19975692352941177,
        "T_exec_core_4": 0.22716146382352942,
        "max": 0.2291949388235294
      },
      "t_plink": 0.22615013425145722,
      "t_plink_read": 0.028951982173347476,
      "t_plink_write": 0.045134152078109745,
      "t_plink_kernel": 0.152064,
      "read_connections": 9.0,
      "write_connections": 5.0,
      "T_lc": 0.008911746632295495,
      "T_cc": 0.01389912724542085
    },
    {
      "T": 0.25505109711301044,
      "T_exec": {
        "T_exec_core_0": 0.20916823794117645,
        "T_exec_core_1": 0.19310782794117648,
        "T_exec_core_2": 0.2322402232352941,
        "T_exec_core_3": 0.19975692352941177,
        "T_exec_core_4": 0.22716146382352942,
        "max": 0.23224022323529409
      },
      "t_plink": 0.2261501342514601,
      "t_plink_read": 0.028951982173347476,
      "t_plink_write": 0.045134152078109745,
      "t_plink_kernel": 0.15206400000000286,
      "read_connections": 9.0,
      "write_connections": 5.0,
      "T_lc": 0.008911746632295495,
      "T_cc": 0.01389912724542085
    },
    {
      "T": 0.25668674469085495,
      "T_exec": {
        "T_exec_core_0": 0.19615311235294117,
        "T_exec_core_1": 0.22637916705882352,
        "T_exec_core_2": 0.20916823794117645,
        "T_exec_core_3": 0.19975692352941177,
        "T_exec_core_4": 0.2299772355882353,
        "max": 0.22997723558823527
      },
      "t_plink": 0.22615013425145722,
      "t_plink_read": 0.028951982173347476,
      "t_plink_write": 0.045134152078109745,
      "t_plink_kernel": 0.152064,
      "read_connections": 9.0,
      "write_connections": 5.0,
      "T_lc": 0.005941164421530331,
      "T_cc": 0.020768344681089346
    },
    {
      "T": 0.26280038591240457,
      "T_exec": {
        "T_exec_core_0": 0.2322402232352941,
        "T_exec_core_1": 0.23912015235294115,
        "T_exec_core_2": 0.2397241114705882,
        "T_exec_core_3": 0.20916823794117645,
        "T_exec_core_4": 0.24259368970588233,
        "max": 0.24259368970588233
      },
      "t_plink": 0.2416712524735451,
      "t_plink_read": 0.03727592791614533,
      "t_plink_write": 0.05233132455739975,
      "t_plink_kernel": 0.152064,
      "read_connections": 7.0,
      "write_connections": 6.0,
      "T_lc": 0.004049067406149471,
      "T_cc": 0.016157628800372796
    },
    {
      "T": 0.2697937088863429,
      "T_exec": {
        "T_exec_core_0": 0.19615311235294117,
        "T_exec_core_1": 0.2501353032352941,
        "T_exec_core_2": 0.25107393852941173,
        "T_exec_core_3": 0.20916823794117645,
        "T_exec_core_4": 0.03479313264705882,
        "max": 0.2511566091313362
      },
      "t_plink": 0.2511566091313362,
      "t_plink_read": 0.040641738134765626,
      "t_plink_write": 0.05845087099657059,
      "t_plink_kernel": 0.152064,
      "read_connections": 5.0,
      "write_connections": 6.0,
      "T_lc": 0.004455873316147748,
      "T_cc": 0.014181226438858928
    },
    {
      "T": 0.26984385987609605,
      "T_exec": {
        "T_exec_core_0": 0.19615311235294117,
        "T_exec_core_1": 0.2501353032352941,
        "T_exec_core_2": 0.21528802294117647,
        "T_exec_core_3": 0.03479313264705882,
        "T_exec_core_4": 0.20916823794117645,
        "max": 0.2511976418337822
      },
      "t_plink": 0.25119764183378224,
      "t_plink_read": 0.040662254827880856,
      "t_plink_write": 0.05847138700590135,
      "t_plink_kernel": 0.152064,
      "read_connections": 7.0,
      "write_connections": 7.0,
      "T_lc": 0.004455522660083432,
      "T_cc": 0.01419069538223042
    },
    {
      "T": 0.2709652110189831,
      "T_exec": {
        "T_exec_core_0": 0.20916823794117645,
        "T_exec_core_1": 0.24804385176470586,
        "T_exec_core_2": 0.21528802294117647,
        "T_exec_core_3": 0.2448120397058823,
        "T_exec_core_4": 0.2324330823529412,
        "max": 0.24861980950498583
      },
      "t_plink": 0.24861980950498583,
      "t_plink_read": 0.04064222273426056,
      "t_plink_write": 0.055913586770725256,
      "t_plink_kernel": 0.152064,
      "read_connections": 4.0,
      "write_connections": 6.0,
      "T_lc": 0.0037132277634564564,
      "T_cc": 0.018632173750540788
    },
    {
      "T": 0.272562719280271,
      "T_exec": {
        "T_exec_core_0": 0.20916823794117645,
        "T_exec_core_1": 0.2501353032352941,
        "T_exec_core_2": 0.25107393852941173,
        "T_exec_core_3": 0.03479313264705882,
        "T_exec_core_4": 0.13944345117647058,
        "max": 0.2511566091313362
      },
      "t_plink": 0.2511566091313362,
      "t_plink_read": 0.040641738134765626,
      "t_plink_write": 0.05845087099657059,
      "t_plink_kernel": 0.152064,
      "read_connections": 3.0,
      "write_connections": 6.0,
      "T_lc": 0.004455873316147748,
      "T_cc": 0.016950236832787006
    }
  ]
}