{
  "timings": [
    {
      "T": 0.2169449815468521,
      "T_exec": {
        "T_exec_core_0": 0.16690818058823528,
        "T_exec_core_1": 0.15182911205882352,
        "T_exec_core_2": 0.13290420529411764,
        "T_exec_core_3": 0.11507209617647057,
        "T_exec_core_4": 0.1668691288235294,
        "max": 0.16690818058823526
      },
      "t_plink": 0.16645240488128657,
      "t_plink_read": 0.08564985420370103,
      "t_plink_write": 0.028822550677585605,
      "t_plink_kernel": 0.05197999999999994,
      "read_connections": 5.0,
      "write_connections": 3.0,
      "T_lc": 0.02477725805450634,
      "T_cc": 0.02525954290411051
    },
    {
      "T": 0.21694568480968862,
      "T_exec": {
        "T_exec_core_0": 0.16690818058823528,
        "T_exec_core_1": 0.15182911205882352,
        "T_exec_core_2": 0.13290420529411764,
        "T_exec_core_3": 0.11507209617647057,
        "T_exec_core_4": 0.1668691288235294,
        "max": 0.16690818058823526
      },
      "t_plink": 0.16645240488128663,
      "t_plink_read": 0.08564985420370103,
      "t_plink_write": 0.028822550677585605,
      "t_plink_kernel": 0.05198,
      "read_connections": 5.0,
      "write_connections": 3.0,
      "T_lc": 0.02477796131734287,
      "T_cc": 0.02525954290411051
    },
    {
      "T": 0.21694568849855672,
      "T_exec": {
        "T_exec_core_0": 0.16690818058823528,
        "T_exec_core_1": 0.15182911205882352,
        "T_exec_core_2": 0.13290420529411764,
        "T_exec_core_3": 0.11507209617647057,
        "T_exec_core_4": 0.1668726788235294,
        "max": 0.16690818058823514
      },
      "t_plink": 0.16645095108280178,
      "t_plink_read": 0.08564840040521622,
      "t_plink_write": 0.028822550677585605,
      "t_plink_kernel": 0.05197999999999994,
      "read_connections": 4.0,
      "write_connections": 3.0,
      "T_lc": 0.024777258054508724,
      "T_cc": 0.025260249855812857
    },
    {
      "T": 0.21694639176139097,
      "T_exec": {
        "T_exec_core_0": 0.16690818058823528,
        "T_exec_core_1": 0.15182911205882352,
        "T_exec_core_2": 0.13290420529411764,
        "T_exec_core_3": 0.11507209617647057,
        "T_exec_core_4": 0.1668726788235294,
        "max": 0.16690818058823526
      },
      "t_plink": 0.16645095108280178,
      "t_plink_read": 0.08564840040521622,
      "t_plink_write": 0.028822550677585605,
      "t_plink_kernel": 0.05197999999999996,
      "read_connections": 4.0,
      "write_connections": 3.0,
      "T_lc": 0.02477796131734287,
      "T_cc": 0.025260249855812857
    },
    {
      "T": 0.22297639314900114,
      "T_exec": {
        "T_exec_core_0": 0.16690818058823528,
        "T_exec_core_1": 0.14761520911764703,
        "T_exec_core_2": 0.13290420529411764,
        "T_exec_core_3": 0.13475209235294117,
        "T_exec_core_4": 0.15141081294117645,
        "max": 0.16690818058823528
      },
      "t_plink": 0.16645103367938993,
      "t_plink_read": 0.08564815810546876,
      "t_plink_write": 0.028822875573921207,
      "t_plink_kernel": 0.05197999999999996,
      "read_connections": 2.0,
      "write_connections": 4.0,
      "T_lc": 0.02477796131734287,
      "T_cc": 0.03129025124342301
    },
    {
      "T": 0.22350994454492112,
      "T_exec": {
        "T_exec_core_0": 0.15873477147058823,
        "T_exec_core_1": 0.1489675188235294,
        "T_exec_core_2": 0.13290420529411764,
        "T_exec_core_3": 0.13474854235294115,
        "T_exec_core_4": 0.158231235,
        "max": 0.1664507087830543
      },
      "t_plink": 0.16645095108280178,
      "t_plink_read": 0.08564840040521622,
      "t_plink_write": 0.028822550677585605,
      "t_plink_kernel": 0.05197999999999996,
      "read_connections": 4.0,
      "write_connections": 3.0,
      "T_lc": 0.02477796131734287,
      "T_cc": 0.03228127444452397
    },
    {
      "T": 0.22351111482793012,
      "T_exec": {
        "T_exec_core_0": 0.15873477147058823,
        "T_exec_core_1": 0.1489675188235294,
        "T_exec_core_2": 0.13290420529411764,
        "T_exec_core_3": 0.13474854235294115,
        "T_exec_core_4": 0.15823546235294117,
        "max": 0.16645103367938985
      },
      "t_plink": 0.16645103367938985,
      "t_plink_read": 0.08564815810546876,
      "t_plink_write": 0.028822875573921207,
      "t_plink_kernel": 0.05197999999999988,
      "read_connections": 2.0,
      "write_connections": 4.0,
      "T_lc": 0.02477796131734287,
      "T_cc": 0.0322821198311974
    },
    {
      "T": 0.22682024036730294,
      "T_exec": {
        "T_exec_core_0": 0.16999513529411764,
        "T_exec_core_1": 0.168670715,
        "T_exec_core_2": 0.11320455911764706,
        "T_exec_core_3": 0.15629780558823528,
        "T_exec_core_4": 0.12542228529411764,
        "max": 0.16999513529411764
      },
      "t_plink": 0.16645103367938993,
      "t_plink_read": 0.08564815810546876,
      "t_plink_write": 0.028822875573921207,
      "t_plink_kernel": 0.05197999999999996,
      "read_connections": 2.0,
      "write_connections": 4.0,
      "T_lc": 0.02414207540702798,
      "T_cc": 0.032683029666157326
    },
    {
      "T": 0.2268209473190054,
      "T_exec": {
        "T_exec_core_0": 0.16999513529411764,
        "T_exec_core_1": 0.168667165,
        "T_exec_core_2": 0.11321233647058823,
        "T_exec_core_3": 0.1562935782352941,
        "T_exec_core_4": 0.12542228529411764,
        "max": 0.16999513529411753
      },
      "t_plink": 0.16645103367938996,
      "t_plink_read": 0.08564815810546876,
      "t_plink_write": 0.028822875573921207,
      "t_plink_kernel": 0.05198,
      "read_connections": 2.0,
      "write_connections": 4.0,
      "T_lc": 0.024142075407028195,
      "T_cc": 0.03268373661785967
    },
    {
      "T": 0.22682105332899366,
      "T_exec": {
        "T_exec_core_0": 0.16999513529411764,
        "T_exec_core_1": 0.168667165,
        "T_exec_core_2": 0.11321233647058823,
        "T_exec_core_3": 0.1562935782352941,
        "T_exec_core_4": 0.12542228529411764,
        "max": 0.16999513529411758
      },
      "t_plink": 0.16645103367938996,
      "t_plink_read": 0.08564815810546876,
      "t_plink_write": 0.028822875573921207,
      "t_plink_kernel": 0.05198,
      "read_connections": 2.0,
      "write_connections": 4.0,
      "T_lc": 0.02414218141701642,
      "T_cc": 0.03268373661785967
    }
  ]
}