{
  "timings": [
    {
      "T": 0.6026133052487361,
      "T_exec": {
        "T_exec_core_0": 0.597024649117647,
        "max": 0.597024649117647
      },
      "t_plink": 0.31295853862390133,
      "t_plink_read": 0.13288715834350584,
      "t_plink_write": 0.17422918028039552,
      "t_plink_kernel": 0.005842199999999997,
      "read_connections": 7.0,
      "write_connections": 1.0,
      "T_lc": 0.005588656131089154,
      "T_cc": 0.0
    },
    {
      "T": 1.5858013944959917,
      "T_exec": {
        "T_exec_core_0": 0.529861735,
        "max": 1.5815139761291488
      },
      "t_plink": 1.5815139761291488,
      "t_plink_read": 1.116229324584961,
      "t_plink_write": 0.17049775154418945,
      "t_plink_kernel": 0.2947868999999983,
      "read_connections": 2.0,
      "write_connections": 4.0,
      "T_lc": 0.004287418366842831,
      "T_cc": 0.0
    },
    {
      "T": 1.9610199956922831,
      "T_exec": {
        "T_exec_core_0": 0.01739539176470588,
        "max": 1.9606957062316903
      },
      "t_plink": 1.9606957062316903,
      "t_plink_read": 1.2921184546875,
      "t_plink_write": 0.17049775154418945,
      "t_plink_kernel": 0.49807950000000084,
      "read_connections": 1.0,
      "write_connections": 4.0,
      "T_lc": 3.2428946059283087E-4,
      "T_cc": 0.0
    }
  ]
}