{
  "timings": [
    {
      "T": 0.23471660525062535,
      "T_exec": {
        "T_exec_core_0": 0.19615311235294117,
        "T_exec_core_1": 0.19310782794117648,
        "T_exec_core_2": 0.19975692352941177,
        "T_exec_core_3": 0.2085230388235294,
        "T_exec_core_4": 0.20916823794117645,
        "T_exec_core_5": 0.19429222352941175,
        "T_exec_core_6": 0.2099925676470588,
        "max": 0.21214261738133994
      },
      "t_plink": 0.21214285968108737,
      "t_plink_read": 0.02557225185956955,
      "t_plink_write": 0.034506607821517946,
      "t_plink_kernel": 0.1520639999999999,
      "read_connections": 9.0,
      "write_connections": 4.0,
      "T_lc": 0.004455873316147743,
      "T_cc": 0.018118114553137665
    },
    {
      "T": 0.2347168475503729,
      "T_exec": {
        "T_exec_core_0": 0.19615311235294117,
        "T_exec_core_1": 0.19310782794117648,
        "T_exec_core_2": 0.19975692352941177,
        "T_exec_core_3": 0.2085230388235294,
        "T_exec_core_4": 0.20916823794117645,
        "T_exec_core_5": 0.19429222352941175,
        "T_exec_core_6": 0.2099925676470588,
        "max": 0.21214285968108748
      },
      "t_plink": 0.21214285968108748,
      "t_plink_read": 0.02557225185956955,
      "t_plink_write": 0.034506607821517946,
      "t_plink_kernel": 0.152064,
      "read_connections": 9.0,
      "write_connections": 4.0,
      "T_lc": 0.004455873316147746,
      "T_cc": 0.018118114553137665
    },
    {
      "T": 0.2355569724629426,
      "T_exec": {
        "T_exec_core_0": 0.19615311235294117,
        "T_exec_core_1": 0.19310782794117648,
        "T_exec_core_2": 0.19975692352941177,
        "T_exec_core_3": 0.18120336794117645,
        "T_exec_core_4": 0.20916823794117645,
        "T_exec_core_5": 0.18132620852941175,
        "T_exec_core_6": 0.10445216911764704,
        "max": 0.2130526871520992
      },
      "t_plink": 0.21305349664793016,
      "t_plink_read": 0.027094976689338683,
      "t_plink_write": 0.03389451995859147,
      "t_plink_kernel": 0.152064,
      "read_connections": 5.0,
      "write_connections": 5.0,
      "T_lc": 0.004455873316147746,
      "T_cc": 0.01804841199469566
    },
    {
      "T": 0.23628397739154872,
      "T_exec": {
        "T_exec_core_0": 0.1979375244117647,
        "T_exec_core_1": 0.19310782794117648,
        "T_exec_core_2": 0.19975692352941177,
        "T_exec_core_3": 0.12270929470588235,
        "T_exec_core_4": 0.20916823794117645,
        "T_exec_core_5": 0.18132620852941175,
        "T_exec_core_6": 0.16116183029411763,
        "max": 0.21305349664793014
      },
      "t_plink": 0.21305349664793016,
      "t_plink_read": 0.027094976689338683,
      "t_plink_write": 0.03389451995859147,
      "t_plink_kernel": 0.152064,
      "read_connections": 5.0,
      "write_connections": 5.0,
      "T_lc": 0.0044558733161477425,
      "T_cc": 0.01877460742747082
    },
    {
      "T": 0.23628899250105972,
      "T_exec": {
        "T_exec_core_0": 0.19793752441176465,
        "T_exec_core_1": 0.19310782794117648,
        "T_exec_core_2": 0.19975692352941177,
        "T_exec_core_3": 0.18016681176470586,
        "T_exec_core_4": 0.20916823794117648,
        "T_exec_core_5": 0.12386869147058824,
        "T_exec_core_6": 0.16116183029411763,
        "max": 0.21305349664793016
      },
      "t_plink": 0.21305349664793016,
      "t_plink_read": 0.027094976689338683,
      "t_plink_write": 0.03389451995859147,
      "t_plink_kernel": 0.152064,
      "read_connections": 5.0,
      "write_connections": 5.0,
      "T_lc": 0.004455873316147739,
      "T_cc": 0.018779622536981806
    },
    {
      "T": 0.2395482590749855,
      "T_exec": {
        "T_exec_core_0": 0.19556636558823529,
        "T_exec_core_1": 0.19310782794117648,
        "T_exec_core_2": 0.19975692352941177,
        "T_exec_core_3": 0.18016681176470586,
        "T_exec_core_4": 0.19615311235294117,
        "T_exec_core_5": 0.19596463705882353,
        "T_exec_core_6": 0.10445216911764704,
        "max": 0.21305268715209955
      },
      "t_plink": 0.21305349664793016,
      "t_plink_read": 0.027094976689338683,
      "t_plink_write": 0.03389451995859147,
      "t_plink_kernel": 0.152064,
      "read_connections": 5.0,
      "write_connections": 5.0,
      "T_lc": 0.004455873316147746,
      "T_cc": 0.022039698606738205
    },
    {
      "T": 0.23954906857081562,
      "T_exec": {
        "T_exec_core_0": 0.19556636558823529,
        "T_exec_core_1": 0.19310782794117648,
        "T_exec_core_2": 0.19975692352941177,
        "T_exec_core_3": 0.18016681176470586,
        "T_exec_core_4": 0.19615311235294117,
        "T_exec_core_5": 0.13036709970588234,
        "T_exec_core_6": 0.17004970647058823,
        "max": 0.21305349664793014
      },
      "t_plink": 0.21305349664793016,
      "t_plink_read": 0.027094976689338683,
      "t_plink_write": 0.03389451995859147,
      "t_plink_kernel": 0.152064,
      "read_connections": 5.0,
      "write_connections": 5.0,
      "T_lc": 0.004455873316147274,
      "T_cc": 0.0220396986067382
    },
    {
      "T": 0.24244829927582662,
      "T_exec": {
        "T_exec_core_0": 0.19556636558823529,
        "T_exec_core_1": 0.19310782794117648,
        "T_exec_core_2": 0.19975692352941177,
        "T_exec_core_3": 0.21595272735294113,
        "T_exec_core_4": 0.19615311235294117,
        "T_exec_core_5": 0.16017872147058823,
        "T_exec_core_6": 0.10445216911764704,
        "max": 0.21595272735294113
      },
      "t_plink": 0.21305349664793014,
      "t_plink_read": 0.027094976689338683,
      "t_plink_write": 0.03389451995859147,
      "t_plink_kernel": 0.15206399999999998,
      "read_connections": 5.0,
      "write_connections": 5.0,
      "T_lc": 0.004455873316147274,
      "T_cc": 0.0220396986067382
    },
    {
      "T": 0.28894305469819836,
      "T_exec": {
        "T_exec_core_0": 0.26662575499999996,
        "T_exec_core_1": 0.19310782794117648,
        "T_exec_core_2": 0.19975692352941177,
        "T_exec_core_3": 0.2107920705882353,
        "T_exec_core_4": 0.19615311235294117,
        "T_exec_core_5": 0.09427998882352939,
        "T_exec_core_6": 0.10445216911764704,
        "max": 0.26662575499999985
      },
      "t_plink": 0.21305349664793016,
      "t_plink_read": 0.027094976689338683,
      "t_plink_write": 0.03389451995859147,
      "t_plink_kernel": 0.152064,
      "read_connections": 5.0,
      "write_connections": 5.0,
      "T_lc": 0.004455873316147732,
      "T_cc": 0.017861426382050793
    },
    {
      "T": 0.28923285850829833,
      "T_exec": {
        "T_exec_core_0": 0.26662575499999996,
        "T_exec_core_1": 0.19310782794117648,
        "T_exec_core_2": 0.19975692352941177,
        "T_exec_core_3": 0.17470495970588235,
        "T_exec_core_4": 0.19615311235294117,
        "T_exec_core_5": 0.09427998882352939,
        "T_exec_core_6": 0.14053928,
        "max": 0.26662575499999996
      },
      "t_plink": 0.21305349664793016,
      "t_plink_read": 0.027094976689338683,
      "t_plink_write": 0.03389451995859147,
      "t_plink_kernel": 0.152064,
      "read_connections": 5.0,
      "write_connections": 5.0,
      "T_lc": 0.004455873316147274,
      "T_cc": 0.01815123019215107
    }
  ]
}