{
  "timings": [
    {
      "T": 0.216540667974797,
      "T_exec": {
        "T_exec_core_0": 0.16070583176470588,
        "T_exec_core_1": 0.11495590794117647,
        "T_exec_core_2": 0.11321753647058821,
        "T_exec_core_3": 0.10206206441176469,
        "T_exec_core_4": 0.11944639411764706,
        "T_exec_core_5": 4.227352941176471E-6,
        "T_exec_core_6": 3.55E-6,
        "T_exec_core_7": 0.12333437441176469,
        "max": 0.16645038388671868
      },
      "t_plink": 0.16645103367939001,
      "t_plink_read": 0.08564815810546876,
      "t_plink_write": 0.028822875573921207,
      "t_plink_kernel": 0.051980000000000026,
      "read_connections": 2.0,
      "write_connections": 4.0,
      "T_lc": 0.02414207540702787,
      "T_cc": 0.02594820868105047
    },
    {
      "T": 0.21761759770134165,
      "T_exec": {
        "T_exec_core_0": 0.1587312214705882,
        "T_exec_core_1": 0.13081491911764703,
        "T_exec_core_2": 0.13295864205882352,
        "T_exec_core_3": 0.10206206441176469,
        "T_exec_core_4": 0.11944639411764706,
        "T_exec_core_5": 3.55E-6,
        "T_exec_core_6": 0.08970886794117647,
        "T_exec_core_7": 4.227352941176471E-6,
        "max": 0.16645038388671868
      },
      "t_plink": 0.16645103367939001,
      "t_plink_read": 0.08564815810546876,
      "t_plink_write": 0.028822875573921207,
      "t_plink_kernel": 0.051980000000000026,
      "read_connections": 2.0,
      "write_connections": 4.0,
      "T_lc": 0.027112657617793107,
      "T_cc": 0.02405455619682985
    },
    {
      "T": 0.21781070106359363,
      "T_exec": {
        "T_exec_core_0": 0.1587312214705882,
        "T_exec_core_1": 0.015859011176470587,
        "T_exec_core_2": 0.11321753647058821,
        "T_exec_core_3": 4.227352941176471E-6,
        "T_exec_core_4": 0.10206206441176469,
        "T_exec_core_5": 0.11944994411764706,
        "T_exec_core_6": 0.10944997352941176,
        "T_exec_core_7": 0.11495590794117647,
        "max": 0.16645038388671868
      },
      "t_plink": 0.16645103367939001,
      "t_plink_read": 0.08564815810546876,
      "t_plink_write": 0.028822875573921207,
      "t_plink_kernel": 0.051980000000000026,
      "read_connections": 2.0,
      "write_connections": 4.0,
      "T_lc": 0.024142075407028195,
      "T_cc": 0.027218241769846746
    },
    {
      "T": 0.22464073108913174,
      "T_exec": {
        "T_exec_core_0": 0.15873477147058823,
        "T_exec_core_1": 4.227352941176471E-6,
        "T_exec_core_2": 0.08065463588235294,
        "T_exec_core_3": 0.09173768529411765,
        "T_exec_core_4": 0.0865418244117647,
        "T_exec_core_5": 0.11944639411764706,
        "T_exec_core_6": 0.10944997352941176,
        "T_exec_core_7": 0.08716037441176469,
        "max": 0.16645038388671882
      },
      "t_plink": 0.16645103367939001,
      "t_plink_read": 0.08564815810546876,
      "t_plink_write": 0.028822875573921207,
      "t_plink_kernel": 0.051980000000000026,
      "read_connections": 2.0,
      "write_connections": 4.0,
      "T_lc": 0.015230328774732405,
      "T_cc": 0.04296001842768052
    },
    {
      "T": 0.22507907631816837,
      "T_exec": {
        "T_exec_core_0": 0.1587312214705882,
        "T_exec_core_1": 3.55E-6,
        "T_exec_core_2": 0.10039574147058823,
        "T_exec_core_3": 0.09173768529411765,
        "T_exec_core_4": 0.0865418244117647,
        "T_exec_core_5": 0.08970886794117647,
        "T_exec_core_6": 0.11944639411764706,
        "T_exec_core_7": 0.08716460176470586,
        "max": 0.1664503838867185
      },
      "t_plink": 0.16645103367938996,
      "t_plink_read": 0.08564815810546876,
      "t_plink_write": 0.028822875573921207,
      "t_plink_kernel": 0.05197999999999997,
      "read_connections": 2.0,
      "write_connections": 4.0,
      "T_lc": 0.01571501317573996,
      "T_cc": 0.04291367925570992
    },
    {
      "T": 0.22553593164703806,
      "T_exec": {
        "T_exec_core_0": 0.16690818058823528,
        "T_exec_core_1": 0.0815319088235294,
        "T_exec_core_2": 0.10039574147058823,
        "T_exec_core_3": 0.09173768529411765,
        "T_exec_core_4": 0.0865418244117647,
        "T_exec_core_5": 4.227352941176471E-6,
        "T_exec_core_6": 0.11944994411764706,
        "T_exec_core_7": 0.08716037441176469,
        "max": 0.16690818058823528
      },
      "t_plink": 0.1664510336793834,
      "t_plink_read": 0.08564815810546876,
      "t_plink_write": 0.028822875573921207,
      "t_plink_kernel": 0.05197999999999342,
      "read_connections": 2.0,
      "write_connections": 4.0,
      "T_lc": 0.015714778754795183,
      "T_cc": 0.04291297230400759
    },
    {
      "T": 0.22553616606798282,
      "T_exec": {
        "T_exec_core_0": 0.16690818058823528,
        "T_exec_core_1": 0.0815319088235294,
        "T_exec_core_2": 0.10039574147058823,
        "T_exec_core_3": 0.09173768529411765,
        "T_exec_core_4": 0.0865418244117647,
        "T_exec_core_5": 4.227352941176471E-6,
        "T_exec_core_6": 0.11944994411764706,
        "T_exec_core_7": 0.08716037441176469,
        "max": 0.16690818058823528
      },
      "t_plink": 0.16645103367939001,
      "t_plink_read": 0.08564815810546876,
      "t_plink_write": 0.028822875573921207,
      "t_plink_kernel": 0.051980000000000026,
      "read_connections": 2.0,
      "write_connections": 4.0,
      "T_lc": 0.01571501317573996,
      "T_cc": 0.04291297230400759
    },
    {
      "T": 0.227388571238199,
      "T_exec": {
        "T_exec_core_0": 0.16690818058823528,
        "T_exec_core_1": 3.55E-6,
        "T_exec_core_2": 0.15375883529411763,
        "T_exec_core_3": 0.09173768529411765,
        "T_exec_core_4": 0.0865418244117647,
        "T_exec_core_5": 4.227352941176471E-6,
        "T_exec_core_6": 0.14761520911764703,
        "T_exec_core_7": 0.08716037441176469,
        "max": 0.1669081805882352
      },
      "t_plink": 0.16645103367938996,
      "t_plink_read": 0.08564815810546876,
      "t_plink_write": 0.028822875573921207,
      "t_plink_kernel": 0.05197999999999997,
      "read_connections": 2.0,
      "write_connections": 4.0,
      "T_lc": 0.016643707929611187,
      "T_cc": 0.04383668272035262
    },
    {
      "T": 0.2286455962570033,
      "T_exec": {
        "T_exec_core_0": 0.16690818058823528,
        "T_exec_core_1": 4.227352941176471E-6,
        "T_exec_core_2": 0.13401772970588233,
        "T_exec_core_3": 0.09173768529411765,
        "T_exec_core_4": 0.0865418244117647,
        "T_exec_core_5": 0.11944994411764706,
        "T_exec_core_6": 0.028168814999999996,
        "T_exec_core_7": 0.10690147999999998,
        "max": 0.16690818058823526
      },
      "t_plink": 0.16645103367938996,
      "t_plink_read": 0.08564815810546876,
      "t_plink_write": 0.028822875573921207,
      "t_plink_kernel": 0.05198,
      "read_connections": 2.0,
      "write_connections": 4.0,
      "T_lc": 0.016008525282130516,
      "T_cc": 0.045728890386637515
    },
    {
      "T": 0.22911150997183177,
      "T_exec": {
        "T_exec_core_0": 0.149619785,
        "T_exec_core_1": 4.227352941176471E-6,
        "T_exec_core_2": 0.13401772970588233,
        "T_exec_core_3": 0.09173768529411765,
        "T_exec_core_4": 0.0865418244117647,
        "T_exec_core_5": 0.16490360470588233,
        "T_exec_core_6": 3.55E-6,
        "T_exec_core_7": 0.10690147999999998,
        "max": 0.1664503838867187
      },
      "t_plink": 0.16645103367939001,
      "t_plink_read": 0.08564815810546876,
      "t_plink_write": 0.028822875573921207,
      "t_plink_kernel": 0.05198000000000003,
      "read_connections": 2.0,
      "write_connections": 4.0,
      "T_lc": 0.01600852528213052,
      "T_cc": 0.04665260080298255
    }
  ]
}