{
  "timings": [
    {
      "T": 0.2700005622525563,
      "T_exec": {
        "T_exec_core_0": 0.11596494617647057,
        "T_exec_core_1": 0.11700817617647058,
        "T_exec_core_2": 0.07467489235294117,
        "T_exec_core_3": 0.10400296352941174,
        "T_exec_core_4": 0.07739997735294117,
        "T_exec_core_5": 0.1100014694117647,
        "max": 0.11700817617647058
      },
      "t_plink": 6.429320800779461E-4,
      "t_plink_read": 5.582586181640625E-4,
      "t_plink_write": 8.31734619140625E-5,
      "t_plink_kernel": 1.4999999998210889E-6,
      "read_connections": 3.0,
      "write_connections": 1.0,
      "T_lc": 0.002026861213235294,
      "T_cc": 0.15096552486285042
    },
    {
      "T": 0.2700015335732132,
      "T_exec": {
        "T_exec_core_0": 0.10890918352941174,
        "T_exec_core_1": 0.1100014694117647,
        "T_exec_core_2": 0.07467489235294117,
        "T_exec_core_3": 0.11121307176470586,
        "T_exec_core_4": 0.07739997735294117,
        "T_exec_core_5": 0.11700817617647058,
        "max": 0.11700817617647039
      },
      "t_plink": 2.707596679685711E-4,
      "t_plink_read": 1.8608620605468752E-4,
      "t_plink_write": 8.31734619140625E-5,
      "t_plink_kernel": 1.4999999998210889E-6,
      "read_connections": 2.0,
      "write_connections": 1.0,
      "T_lc": 0.002026861213235291,
      "T_cc": 0.15096649618350755
    },
    {
      "T": 0.27228486130342333,
      "T_exec": {
        "T_exec_core_0": 0.10400296352941174,
        "T_exec_core_1": 0.1100014694117647,
        "T_exec_core_2": 0.07467489235294117,
        "T_exec_core_3": 0.11121307176470586,
        "T_exec_core_4": 0.07739997735294117,
        "T_exec_core_5": 0.12176005058823529,
        "max": 0.12176005058823496
      },
      "t_plink": 6.429320800779461E-4,
      "t_plink_read": 5.582586181640625E-4,
      "t_plink_write": 8.31734619140625E-5,
      "t_plink_kernel": 1.4999999998210889E-6,
      "read_connections": 3.0,
      "write_connections": 1.0,
      "T_lc": 0.0020824922983685617,
      "T_cc": 0.14844231841681985
    },
    {
      "T": 0.272915536048943,
      "T_exec": {
        "T_exec_core_0": 0.11124728294117646,
        "T_exec_core_1": 0.08330851882352941,
        "T_exec_core_2": 0.13061461117647058,
        "T_exec_core_3": 0.07472198411764705,
        "T_exec_core_4": 0.07739997735294117,
        "T_exec_core_5": 0.12176005058823529,
        "max": 0.13061461117647058
      },
      "t_plink": 6.429320800779461E-4,
      "t_plink_read": 5.582586181640625E-4,
      "t_plink_write": 8.31734619140625E-5,
      "t_plink_kernel": 1.4999999998210889E-6,
      "read_connections": 3.0,
      "write_connections": 1.0,
      "T_lc": 0.0020824922983685656,
      "T_cc": 0.14021843257410382
    },
    {
      "T": 0.2729981371432675,
      "T_exec": {
        "T_exec_core_0": 0.07739997735294117,
        "T_exec_core_1": 0.08330851882352941,
        "T_exec_core_2": 0.13069591411764703,
        "T_exec_core_3": 0.12191439617647058,
        "T_exec_core_4": 0.11121307176470588,
        "T_exec_core_5": 0.07467489235294117,
        "max": 0.13069591411764703
      },
      "t_plink": 2.707596679685711E-4,
      "t_plink_read": 1.8608620605468752E-4,
      "t_plink_write": 8.31734619140625E-5,
      "t_plink_kernel": 1.4999999998210889E-6,
      "read_connections": 2.0,
      "write_connections": 1.0,
      "T_lc": 0.002082444217026654,
      "T_cc": 0.14021977880859376
    },
    {
      "T": 0.2729981852246094,
      "T_exec": {
        "T_exec_core_0": 0.07739997735294117,
        "T_exec_core_1": 0.08330851882352941,
        "T_exec_core_2": 0.13069591411764703,
        "T_exec_core_3": 0.12191439617647058,
        "T_exec_core_4": 0.11121307176470588,
        "T_exec_core_5": 0.07467489235294117,
        "max": 0.13069591411764703
      },
      "t_plink": 2.707596679685711E-4,
      "t_plink_read": 1.8608620605468752E-4,
      "t_plink_write": 8.31734619140625E-5,
      "t_plink_kernel": 1.4999999998210889E-6,
      "read_connections": 2.0,
      "write_connections": 1.0,
      "T_lc": 0.002082492298368559,
      "T_cc": 0.14021977880859376
    },
    {
      "T": 0.27299948337775704,
      "T_exec": {
        "T_exec_core_0": 0.07739997735294117,
        "T_exec_core_1": 0.08330851882352941,
        "T_exec_core_2": 0.13069591411764703,
        "T_exec_core_3": 0.12176005058823529,
        "T_exec_core_4": 0.11121307176470588,
        "T_exec_core_5": 0.07467489235294117,
        "max": 0.1306959141176468
      },
      "t_plink": 6.429320800779461E-4,
      "t_plink_read": 5.582586181640625E-4,
      "t_plink_write": 8.31734619140625E-5,
      "t_plink_kernel": 1.4999999998210889E-6,
      "read_connections": 3.0,
      "write_connections": 1.0,
      "T_lc": 0.0020824442170266446,
      "T_cc": 0.14022112504308362
    },
    {
      "T": 0.2729995314590992,
      "T_exec": {
        "T_exec_core_0": 0.07739997735294117,
        "T_exec_core_1": 0.08330851882352941,
        "T_exec_core_2": 0.13069591411764703,
        "T_exec_core_3": 0.12176005058823529,
        "T_exec_core_4": 0.11121307176470588,
        "T_exec_core_5": 0.07467489235294117,
        "max": 0.13069591411764703
      },
      "t_plink": 6.429320800779461E-4,
      "t_plink_read": 5.582586181640625E-4,
      "t_plink_write": 8.31734619140625E-5,
      "t_plink_kernel": 1.4999999998210889E-6,
      "read_connections": 3.0,
      "write_connections": 1.0,
      "T_lc": 0.0020824922983685647,
      "T_cc": 0.14022112504308362
    },
    {
      "T": 0.27458230966509645,
      "T_exec": {
        "T_exec_core_0": 0.13185750911764704,
        "T_exec_core_1": 0.08330851882352941,
        "T_exec_core_2": 0.13069591411764703,
        "T_exec_core_3": 0.12176005058823529,
        "T_exec_core_4": 0.13143043235294116,
        "T_exec_core_5": 1.5946882352941175E-4,
        "max": 0.13185750911764704
      },
      "t_plink": 5.18874609375E-4,
      "t_plink_read": 4.3420114746093756E-4,
      "t_plink_write": 8.31734619140625E-5,
      "t_plink_kernel": 1.5000000000000002E-6,
      "read_connections": 1.0,
      "write_connections": 1.0,
      "T_lc": 0.002082492298368566,
      "T_cc": 0.14064230824908086
    },
    {
      "T": 0.2746988796289062,
      "T_exec": {
        "T_exec_core_0": 1.5434558823529412E-4,
        "T_exec_core_1": 0.07472198411764705,
        "T_exec_core_2": 0.07739997735294117,
        "T_exec_core_3": 0.12176005058823529,
        "T_exec_core_4": 0.16570481470588233,
        "T_exec_core_5": 0.1594655982352941,
        "max": 0.16570481470588233
      },
      "t_plink": 2.704648830047548E-4,
      "t_plink_read": 1.8608620605468752E-4,
      "t_plink_write": 8.31734619140625E-5,
      "t_plink_kernel": 1.2052150360047769E-6,
      "read_connections": 2.0,
      "write_connections": 1.0,
      "T_lc": 0.0020824922983685656,
      "T_cc": 0.10691157262465531
    }
  ]
}