{
  "timings": [
    {
      "T": 0.2665504318457031,
      "T_exec": {
        "T_exec_core_0": 0.0834628644117647,
        "T_exec_core_1": 0.06312939352941176,
        "T_exec_core_2": 0.09102992235294116,
        "T_exec_core_3": 0.05863065705882352,
        "T_exec_core_4": 0.0761570794117647,
        "T_exec_core_5": 0.07472198411764705,
        "T_exec_core_6": 0.07467489235294117,
        "T_exec_core_7": 0.07739997735294117,
        "max": 0.09102992235294116
      },
      "t_plink": 2.7075966796875006E-4,
      "t_plink_read": 1.8608620605468752E-4,
      "t_plink_write": 8.31734619140625E-5,
      "t_plink_kernel": 1.5000000000000002E-6,
      "read_connections": 2.0,
      "write_connections": 1.0,
      "T_lc": 7.255753676470587E-4,
      "T_cc": 0.17479493412511488
    },
    {
      "T": 0.2665507832380977,
      "T_exec": {
        "T_exec_core_0": 0.07472198411764705,
        "T_exec_core_1": 0.07739997735294117,
        "T_exec_core_2": 0.09102992235294116,
        "T_exec_core_3": 0.05863065705882352,
        "T_exec_core_4": 0.06312939352941176,
        "T_exec_core_5": 0.07467489235294117,
        "T_exec_core_6": 0.0761570794117647,
        "T_exec_core_7": 0.0834628644117647,
        "max": 0.0910298988315031
      },
      "t_plink": 2.7075966796873764E-4,
      "t_plink_read": 1.8608620605468752E-4,
      "t_plink_write": 8.31734619140625E-5,
      "t_plink_kernel": 1.4999999999876223E-6,
      "read_connections": 2.0,
      "write_connections": 1.0,
      "T_lc": 7.255753676470587E-4,
      "T_cc": 0.17479530903894758
    },
    {
      "T": 0.2665508067595355,
      "T_exec": {
        "T_exec_core_0": 0.07472198411764705,
        "T_exec_core_1": 0.07739997735294117,
        "T_exec_core_2": 0.09102992235294116,
        "T_exec_core_3": 0.05863065705882352,
        "T_exec_core_4": 0.06312939352941176,
        "T_exec_core_5": 0.07467489235294117,
        "T_exec_core_6": 0.0761570794117647,
        "T_exec_core_7": 0.0834628644117647,
        "max": 0.09102992235294088
      },
      "t_plink": 2.7075966796875006E-4,
      "t_plink_read": 1.8608620605468752E-4,
      "t_plink_write": 8.31734619140625E-5,
      "t_plink_kernel": 1.5000000000000002E-6,
      "read_connections": 2.0,
      "write_connections": 1.0,
      "T_lc": 7.255753676470587E-4,
      "T_cc": 0.17479530903894758
    },
    {
      "T": 0.26929090274126755,
      "T_exec": {
        "T_exec_core_0": 0.07739997735294117,
        "T_exec_core_1": 0.11945050058823528,
        "T_exec_core_2": 1.5434558823529412E-4,
        "T_exec_core_3": 0.09333947235294117,
        "T_exec_core_4": 0.07472198411764705,
        "T_exec_core_5": 0.07467489235294117,
        "T_exec_core_6": 0.10400296352941174,
        "T_exec_core_7": 0.05546263470588235,
        "max": 0.11945050058823445
      },
      "t_plink": 2.7075966796873764E-4,
      "t_plink_read": 1.8608620605468752E-4,
      "t_plink_write": 8.31734619140625E-5,
      "t_plink_kernel": 1.4999999999876223E-6,
      "read_connections": 2.0,
      "write_connections": 1.0,
      "T_lc": 0.0018138820042509188,
      "T_cc": 0.14802652014878215
    },
    {
      "T": 0.26958573530517566,
      "T_exec": {
        "T_exec_core_0": 0.07739997735294117,
        "T_exec_core_1": 0.09102992235294116,
        "T_exec_core_2": 1.5434558823529412E-4,
        "T_exec_core_3": 0.11700817617647058,
        "T_exec_core_4": 0.07472198411764705,
        "T_exec_core_5": 0.07467489235294117,
        "T_exec_core_6": 0.10400296352941174,
        "T_exec_core_7": 0.06021450911764706,
        "max": 0.11700817617647048
      },
      "t_plink": 2.7075966796873764E-4,
      "t_plink_read": 1.8608620605468752E-4,
      "t_plink_write": 8.31734619140625E-5,
      "t_plink_kernel": 1.4999999999876223E-6,
      "read_connections": 2.0,
      "write_connections": 1.0,
      "T_lc": 0.0020268612132352923,
      "T_cc": 0.15055069791546988
    },
    {
      "T": 0.27130093341394734,
      "T_exec": {
        "T_exec_core_0": 0.07739997735294117,
        "T_exec_core_1": 0.09118426794117646,
        "T_exec_core_2": 0.06312939352941176,
        "T_exec_core_3": 0.05863065705882352,
        "T_exec_core_4": 0.07472198411764705,
        "T_exec_core_5": 0.07467489235294117,
        "T_exec_core_6": 0.10400296352941174,
        "T_exec_core_7": 0.05546263470588235,
        "max": 0.10400296352941149
      },
      "t_plink": 2.7075966796873764E-4,
      "t_plink_read": 1.8608620605468752E-4,
      "t_plink_write": 8.31734619140625E-5,
      "t_plink_kernel": 1.4999999999876223E-6,
      "read_connections": 2.0,
      "write_connections": 1.0,
      "T_lc": 7.255753676470552E-4,
      "T_cc": 0.16657239451688877
    },
    {
      "T": 0.2718700343560432,
      "T_exec": {
        "T_exec_core_0": 0.07739997735294117,
        "T_exec_core_1": 0.09102992235294116,
        "T_exec_core_2": 1.5946882352941175E-4,
        "T_exec_core_3": 0.12176005058823527,
        "T_exec_core_4": 0.07472198411764705,
        "T_exec_core_5": 0.07467489235294117,
        "T_exec_core_6": 0.10400296352941174,
        "T_exec_core_7": 0.05546263470588235,
        "max": 0.12176005058823527
      },
      "t_plink": 5.18874609375E-4,
      "t_plink_read": 4.3420114746093756E-4,
      "t_plink_write": 8.31734619140625E-5,
      "t_plink_kernel": 1.5000000000000002E-6,
      "read_connections": 1.0,
      "write_connections": 1.0,
      "T_lc": 0.002082492298368566,
      "T_cc": 0.14802749146943933
    },
    {
      "T": 0.2736831625179514,
      "T_exec": {
        "T_exec_core_0": 0.07739997735294117,
        "T_exec_core_1": 0.09118426794117646,
        "T_exec_core_2": 0.058377519117647055,
        "T_exec_core_3": 0.06338253147058823,
        "T_exec_core_4": 0.07472198411764705,
        "T_exec_core_5": 0.07467489235294117,
        "T_exec_core_6": 0.10400296352941174,
        "T_exec_core_7": 0.05546263470588235,
        "max": 0.10400296352941166
      },
      "t_plink": 2.7075966796875006E-4,
      "t_plink_read": 1.8608620605468752E-4,
      "t_plink_write": 8.31734619140625E-5,
      "t_plink_kernel": 1.5000000000000002E-6,
      "read_connections": 2.0,
      "write_connections": 1.0,
      "T_lc": 7.536880417049587E-4,
      "T_cc": 0.16892651094683478
    },
    {
      "T": 0.27368410510182095,
      "T_exec": {
        "T_exec_core_0": 0.07739997735294117,
        "T_exec_core_1": 0.09118426794117646,
        "T_exec_core_2": 0.058377519117647055,
        "T_exec_core_3": 0.06338253147058823,
        "T_exec_core_4": 0.07472198411764705,
        "T_exec_core_5": 0.07467489235294117,
        "T_exec_core_6": 0.10400296352941174,
        "T_exec_core_7": 0.05546263470588235,
        "max": 0.10400296352941174
      },
      "t_plink": 2.7075966796875006E-4,
      "t_plink_read": 1.8608620605468752E-4,
      "t_plink_write": 8.31734619140625E-5,
      "t_plink_kernel": 1.5000000000000002E-6,
      "read_connections": 2.0,
      "write_connections": 1.0,
      "T_lc": 7.546306255744484E-4,
      "T_cc": 0.16892651094683478
    },
    {
      "T": 0.27368679757080044,
      "T_exec": {
        "T_exec_core_0": 0.07739997735294117,
        "T_exec_core_1": 0.09102992235294116,
        "T_exec_core_2": 0.058377519117647055,
        "T_exec_core_3": 0.06338253147058823,
        "T_exec_core_4": 0.07487632970588234,
        "T_exec_core_5": 0.07467489235294117,
        "T_exec_core_6": 0.10400296352941174,
        "T_exec_core_7": 0.05546263470588235,
        "max": 0.10400296352941144
      },
      "t_plink": 2.7075966796875006E-4,
      "t_plink_read": 1.8608620605468752E-4,
      "t_plink_write": 8.31734619140625E-5,
      "t_plink_kernel": 1.5000000000000002E-6,
      "read_connections": 2.0,
      "write_connections": 1.0,
      "T_lc": 7.546306255744484E-4,
      "T_cc": 0.16892920341581455
    }
  ]
}