{
  "timings": [
    {
      "T": 0.2381728933724417,
      "T_exec": {
        "T_exec_core_0": 0.1979375244117647,
        "T_exec_core_1": 0.21052674794117646,
        "T_exec_core_2": 0.20916823794117645,
        "T_exec_core_3": 0.19310782794117642,
        "T_exec_core_4": 0.20548409823529407,
        "T_exec_core_5": 0.21315749529411762,
        "max": 0.21315749529411762
      },
      "t_plink": 0.21309452935037615,
      "t_plink_read": 0.02711549338245392,
      "t_plink_write": 0.03391503596792221,
      "t_plink_kernel": 0.152064,
      "read_connections": 7.0,
      "write_connections": 6.0,
      "T_lc": 0.00594116442153033,
      "T_cc": 0.01907423365679376
    },
    {
      "T": 0.23894422371959403,
      "T_exec": {
        "T_exec_core_0": 0.19615311235294117,
        "T_exec_core_1": 0.20916823794117645,
        "T_exec_core_2": 0.19975692352941177,
        "T_exec_core_3": 0.19310782794117648,
        "T_exec_core_4": 0.2107920705882353,
        "T_exec_core_5": 0.19769560176470585,
        "max": 0.2175499274860382
      },
      "t_plink": 0.2175499274860382,
      "t_plink_read": 0.027094976689338683,
      "t_plink_write": 0.038390950796699526,
      "t_plink_kernel": 0.152064,
      "read_connections": 5.0,
      "write_connections": 6.0,
      "T_lc": 0.004455873316147725,
      "T_cc": 0.016938422917408102
    },
    {
      "T": 0.23986722718423675,
      "T_exec": {
        "T_exec_core_0": 0.20916823794117645,
        "T_exec_core_1": 0.19615311235294117,
        "T_exec_core_2": 0.19975692352941177,
        "T_exec_core_3": 0.19310782794117648,
        "T_exec_core_4": 0.2107920705882353,
        "T_exec_core_5": 0.19769560176470585,
        "max": 0.2175499274860382
      },
      "t_plink": 0.2175499274860382,
      "t_plink_read": 0.027094976689338683,
      "t_plink_write": 0.038390950796699526,
      "t_plink_kernel": 0.152064,
      "read_connections": 5.0,
      "write_connections": 6.0,
      "T_lc": 0.004455873316147748,
      "T_cc": 0.017861426382050793
    },
    {
      "T": 0.2675284824635581,
      "T_exec": {
        "T_exec_core_0": 0.20916823794117645,
        "T_exec_core_1": 0.19615311235294117,
        "T_exec_core_2": 0.19975692352941177,
        "T_exec_core_3": 0.24510349294117645,
        "T_exec_core_4": 0.15879640558823527,
        "T_exec_core_5": 0.19769560176470585,
        "max": 0.24510349294117645
      },
      "t_plink": 0.21754992748603819,
      "t_plink_read": 0.027094976689338683,
      "t_plink_write": 0.038390950796699526,
      "t_plink_kernel": 0.15206399999999998,
      "read_connections": 5.0,
      "write_connections": 6.0,
      "T_lc": 0.004547825967872844,
      "T_cc": 0.017877163554508822
    },
    {
      "T": 0.2844718122147851,
      "T_exec": {
        "T_exec_core_0": 0.20916823794117645,
        "T_exec_core_1": 0.19615311235294117,
        "T_exec_core_2": 0.16152456470588233,
        "T_exec_core_3": 0.17792742411764706,
        "T_exec_core_4": 0.20570579794117644,
        "T_exec_core_5": 0.2561946370588235,
        "max": 0.25619463705882295
      },
      "t_plink": 0.2175499274860382,
      "t_plink_read": 0.027094976689338683,
      "t_plink_write": 0.038390950796699526,
      "t_plink_kernel": 0.152064,
      "read_connections": 5.0,
      "write_connections": 6.0,
      "T_lc": 0.00594116442153033,
      "T_cc": 0.02233601073443188
    },
    {
      "T": 0.3121089896461056,
      "T_exec": {
        "T_exec_core_0": 0.2118518326470588,
        "T_exec_core_1": 0.08277480352941176,
        "T_exec_core_2": 0.21277564264705878,
        "T_exec_core_3": 0.06559753735294117,
        "T_exec_core_4": 0.2811906038235294,
        "T_exec_core_5": 0.2592399214705882,
        "max": 0.281190603823529
      },
      "t_plink": 0.2220590641345024,
      "t_plink_read": 0.027101815587043762,
      "t_plink_write": 0.04289324854745866,
      "t_plink_kernel": 0.152064,
      "read_connections": 6.0,
      "write_connections": 6.0,
      "T_lc": 0.005941164421530324,
      "T_cc": 0.0249772214010463
    },
    {
      "T": 0.31396955168569707,
      "T_exec": {
        "T_exec_core_0": 0.2830141517647059,
        "T_exec_core_1": 0.1744396370588235,
        "T_exec_core_2": 0.24981748911764706,
        "T_exec_core_3": 0.22716146382352942,
        "T_exec_core_4": 0.03608711088235294,
        "T_exec_core_5": 0.258862079117647,
        "max": 0.2830141517647059
      },
      "t_plink": 0.2130945293503762,
      "t_plink_read": 0.02711549338245392,
      "t_plink_write": 0.03391503596792221,
      "t_plink_kernel": 0.15206400000000006,
      "read_connections": 7.0,
      "write_connections": 6.0,
      "T_lc": 0.008911746632295495,
      "T_cc": 0.022043653288695668
    },
    {
      "T": 0.3270326166318421,
      "T_exec": {
        "T_exec_core_0": 0.2830141517647059,
        "T_exec_core_1": 0.25069729911764704,
        "T_exec_core_2": 0.291182849117647,
        "T_exec_core_3": 0.10953844176470587,
        "T_exec_core_4": 0.03608711088235294,
        "T_exec_core_5": 0.258862079117647,
        "max": 0.29118284911764675
      },
      "t_plink": 0.21309452935037615,
      "t_plink_read": 0.02711549338245392,
      "t_plink_write": 0.03391503596792221,
      "t_plink_kernel": 0.152064,
      "read_connections": 7.0,
      "write_connections": 6.0,
      "T_lc": 0.004455873316147663,
      "T_cc": 0.03139389419804769
    },
    {
      "T": 0.33195173042817067,
      "T_exec": {
        "T_exec_core_0": 0.2830141517647059,
        "T_exec_core_1": 0.29139261294117647,
        "T_exec_core_2": 0.16367255852941176,
        "T_exec_core_3": 0.2521638970588235,
        "T_exec_core_4": 0.06828113205882352,
        "T_exec_core_5": 0.17085757941176472,
        "max": 0.29139261294117574
      },
      "t_plink": 0.21309452935037593,
      "t_plink_read": 0.02711549338245392,
      "t_plink_write": 0.03391503596792221,
      "t_plink_kernel": 0.1520639999999998,
      "read_connections": 7.0,
      "write_connections": 6.0,
      "T_lc": 0.001858327191520237,
      "T_cc": 0.03870079029547467
    },
    {
      "T": 0.4423456862535713,
      "T_exec": {
        "T_exec_core_0": 0.40532135029411764,
        "T_exec_core_1": 0.17386679676470587,
        "T_exec_core_2": 0.3131048055882353,
        "T_exec_core_3": 0.371672695,
        "T_exec_core_4": 0.2144150176470588,
        "T_exec_core_5": 0.3430273085294117,
        "max": 0.40532135029411764
      },
      "t_plink": 0.19404338060159684,
      "t_plink_read": 0.02034187035999298,
      "t_plink_write": 0.021637510241603854,
      "t_plink_kernel": 0.152064,
      "read_connections": 5.0,
      "write_connections": 4.0,
      "T_lc": 0.003716866403015162,
      "T_cc": 0.0333074695564385
    }
  ]
}