{
  "timings": [
    {
      "T": 0.31822530171987173,
      "T_exec": {
        "T_exec_core_0": 0.1536803132352941,
        "max": 0.31710323205518753
      },
      "t_plink": 0.31710323205518753,
      "t_plink_read": 0.020320869067382813,
      "t_plink_write": 0.001995462987804413,
      "t_plink_kernel": 0.2947869000000003,
      "read_connections": 1.0,
      "write_connections": 4.0,
      "T_lc": 0.0011220696646841834,
      "T_cc": 0.0
    },
    {
      "T": 0.3183969211894052,
      "T_exec": {
        "T_exec_core_0": 0.1016846482352941,
        "max": 0.3173704055961194
      },
      "t_plink": 0.3173704055961194,
      "t_plink_read": 0.02032111136713028,
      "t_plink_write": 0.0022623942289886475,
      "t_plink_kernel": 0.29478690000000046,
      "read_connections": 2.0,
      "write_connections": 1.0,
      "T_lc": 0.001026515593285841,
      "T_cc": 0.0
    }
  ]
}