{
  "timings": [
    {
      "T": 0.23471660525062546,
      "T_exec": {
        "T_exec_core_0": 0.19615311235294117,
        "T_exec_core_1": 0.1978070632352941,
        "T_exec_core_2": 0.19975692352941177,
        "T_exec_core_3": 0.19310782794117648,
        "T_exec_core_4": 0.2085230388235294,
        "T_exec_core_5": 0.20647772794117647,
        "T_exec_core_6": 0.20916823794117645,
        "max": 0.21214261738134005
      },
      "t_plink": 0.21214285968108748,
      "t_plink_read": 0.02557225185956955,
      "t_plink_write": 0.034506607821517946,
      "t_plink_kernel": 0.152064,
      "read_connections": 9.0,
      "write_connections": 4.0,
      "T_lc": 0.004455873316147746,
      "T_cc": 0.018118114553137665
    },
    {
      "T": 0.2347168475503729,
      "T_exec": {
        "T_exec_core_0": 0.19615311235294117,
        "T_exec_core_1": 0.1978070632352941,
        "T_exec_core_2": 0.19975692352941177,
        "T_exec_core_3": 0.19310782794117648,
        "T_exec_core_4": 0.2085230388235294,
        "T_exec_core_5": 0.20647772794117647,
        "T_exec_core_6": 0.20916823794117645,
        "max": 0.21214285968108748
      },
      "t_plink": 0.21214285968108748,
      "t_plink_read": 0.02557225185956955,
      "t_plink_write": 0.034506607821517946,
      "t_plink_kernel": 0.152064,
      "read_connections": 9.0,
      "write_connections": 4.0,
      "T_lc": 0.004455873316147748,
      "T_cc": 0.018118114553137665
    },
    {
      "T": 0.23556231246878953,
      "T_exec": {
        "T_exec_core_0": 0.19615311235294117,
        "T_exec_core_1": 0.16294624235294117,
        "T_exec_core_2": 0.19975692352941177,
        "T_exec_core_3": 0.19310782794117648,
        "T_exec_core_4": 0.18016681176470586,
        "T_exec_core_5": 0.12386869147058824,
        "T_exec_core_6": 0.20916823794117645,
        "max": 0.21305301204843513
      },
      "t_plink": 0.21305349664793016,
      "t_plink_read": 0.027094976689338683,
      "t_plink_write": 0.03389451995859147,
      "t_plink_kernel": 0.152064,
      "read_connections": 5.0,
      "write_connections": 5.0,
      "T_lc": 0.004455873316147746,
      "T_cc": 0.018053427104206644
    },
    {
      "T": 0.235613298714102,
      "T_exec": {
        "T_exec_core_0": 0.19615311235294117,
        "T_exec_core_1": 0.19253494499999999,
        "T_exec_core_2": 0.19975692352941177,
        "T_exec_core_3": 0.19310782794117648,
        "T_exec_core_4": 0.12270929470588235,
        "T_exec_core_5": 0.20916823794117645,
        "T_exec_core_6": 0.11595159029411764,
        "max": 0.21309452935037612
      },
      "t_plink": 0.21309452935037615,
      "t_plink_read": 0.02711549338245392,
      "t_plink_write": 0.03391503596792221,
      "t_plink_kernel": 0.152064,
      "read_connections": 7.0,
      "write_connections": 6.0,
      "T_lc": 0.004455873316147748,
      "T_cc": 0.018062896047578138
    },
    {
      "T": 0.2362836524952131,
      "T_exec": {
        "T_exec_core_0": 0.1969009682352941,
        "T_exec_core_1": 0.16116183029411763,
        "T_exec_core_2": 0.19975692352941177,
        "T_exec_core_3": 0.19310782794117648,
        "T_exec_core_4": 0.12270929470588235,
        "T_exec_core_5": 0.18236276470588234,
        "T_exec_core_6": 0.20916823794117645,
        "max": 0.21305317175159452
      },
      "t_plink": 0.21305349664793016,
      "t_plink_read": 0.027094976689338683,
      "t_plink_write": 0.03389451995859147,
      "t_plink_kernel": 0.152064,
      "read_connections": 5.0,
      "write_connections": 5.0,
      "T_lc": 0.004455873316147748,
      "T_cc": 0.01877460742747082
    },
    {
      "T": 0.23628397739154872,
      "T_exec": {
        "T_exec_core_0": 0.19690096823529413,
        "T_exec_core_1": 0.16116183029411763,
        "T_exec_core_2": 0.19975692352941177,
        "T_exec_core_3": 0.19310782794117648,
        "T_exec_core_4": 0.12270929470588235,
        "T_exec_core_5": 0.18236276470588234,
        "T_exec_core_6": 0.20916823794117642,
        "max": 0.21305349664793014
      },
      "t_plink": 0.21305349664793016,
      "t_plink_read": 0.027094976689338683,
      "t_plink_write": 0.03389451995859147,
      "t_plink_kernel": 0.152064,
      "read_connections": 5.0,
      "write_connections": 5.0,
      "T_lc": 0.004455873316147739,
      "T_cc": 0.01877460742747082
    },
    {
      "T": 0.23648078542341622,
      "T_exec": {
        "T_exec_core_0": 0.20916823794117645,
        "T_exec_core_1": 0.10445216911764704,
        "T_exec_core_2": 0.19975692352941177,
        "T_exec_core_3": 0.19310782794117648,
        "T_exec_core_4": 0.18016681176470586,
        "T_exec_core_5": 0.18236276470588234,
        "T_exec_core_6": 0.19615311235294117,
        "max": 0.2130534966479301
      },
      "t_plink": 0.21305349664793016,
      "t_plink_read": 0.027094976689338683,
      "t_plink_write": 0.03389451995859147,
      "t_plink_kernel": 0.152064,
      "read_connections": 5.0,
      "write_connections": 5.0,
      "T_lc": 0.004455873316147739,
      "T_cc": 0.018971415459338357
    },
    {
      "T": 0.23954825907498567,
      "T_exec": {
        "T_exec_core_0": 0.19556636558823529,
        "T_exec_core_1": 0.20613681735294118,
        "T_exec_core_2": 0.19975692352941177,
        "T_exec_core_3": 0.19310782794117648,
        "T_exec_core_4": 0.18016681176470586,
        "T_exec_core_5": 0.09427998882352939,
        "T_exec_core_6": 0.19615311235294117,
        "max": 0.2130526871520997
      },
      "t_plink": 0.21305349664793027,
      "t_plink_read": 0.027094976689338683,
      "t_plink_write": 0.03389451995859147,
      "t_plink_kernel": 0.15206400000000012,
      "read_connections": 5.0,
      "write_connections": 5.0,
      "T_lc": 0.004455873316147748,
      "T_cc": 0.0220396986067382
    },
    {
      "T": 0.2395490685708161,
      "T_exec": {
        "T_exec_core_0": 0.19556636558823529,
        "T_exec_core_1": 0.20613681735294118,
        "T_exec_core_2": 0.19975692352941177,
        "T_exec_core_3": 0.19310782794117648,
        "T_exec_core_4": 0.18016681176470586,
        "T_exec_core_5": 0.09427998882352939,
        "T_exec_core_6": 0.19615311235294117,
        "max": 0.21305349664793014
      },
      "t_plink": 0.21305349664793016,
      "t_plink_read": 0.027094976689338683,
      "t_plink_write": 0.03389451995859147,
      "t_plink_kernel": 0.152064,
      "read_connections": 5.0,
      "write_connections": 5.0,
      "T_lc": 0.004455873316147748,
      "T_cc": 0.0220396986067382
    },
    {
      "T": 0.2704385833903228,
      "T_exec": {
        "T_exec_core_0": 0.20916823794117645,
        "T_exec_core_1": 0.24587974558823528,
        "T_exec_core_2": 0.21730921205882353,
        "T_exec_core_3": 0.1988952926470588,
        "T_exec_core_4": 0.18070983117647058,
        "T_exec_core_5": 0.19310782794117648,
        "T_exec_core_6": 0.21791944941176467,
        "max": 0.24587974558823528
      },
      "t_plink": 0.2080512223680496,
      "t_plink_read": 0.023721842973518373,
      "t_plink_write": 0.03226537939453125,
      "t_plink_kernel": 0.15206399999999998,
      "read_connections": 6.0,
      "write_connections": 5.0,
      "T_lc": 0.005941164421530318,
      "T_cc": 0.018617673380557226
    }
  ]
}