{
  "timings": [
    {
      "T": 0.2282727981157721,
      "T_exec": {
        "T_exec_core_0": 0.2010282176470588,
        "T_exec_core_1": 0.1883068320588235,
        "T_exec_core_2": 0.2011112285294117,
        "T_exec_core_3": 0.19309306411764704,
        "T_exec_core_4": 0.19975692352941177,
        "T_exec_core_5": 0.19310782794117648,
        "T_exec_core_6": 0.19253494499999999,
        "T_exec_core_7": 0.19615311235294117,
        "max": 0.2035271127777097
      },
      "t_plink": 0.20352792227354052,
      "t_plink_read": 0.023708165178108215,
      "t_plink_write": 0.027755757095432286,
      "t_plink_kernel": 0.152064,
      "read_connections": 4.0,
      "write_connections": 4.0,
      "T_lc": 0.004455873316147748,
      "T_cc": 0.020289812021914648
    },
    {
      "T": 0.2282727981157724,
      "T_exec": {
        "T_exec_core_0": 0.20206477382352922,
        "T_exec_core_1": 0.19615311235294117,
        "T_exec_core_2": 0.20124555441176467,
        "T_exec_core_3": 0.19975692352941177,
        "T_exec_core_4": 0.1883068320588235,
        "T_exec_core_5": 0.1840996164705882,
        "T_exec_core_6": 0.19310782794117648,
        "T_exec_core_7": 0.19253494499999996,
        "max": 0.20352711277771
      },
      "t_plink": 0.20352792227354052,
      "t_plink_read": 0.023708165178108215,
      "t_plink_write": 0.027755757095432283,
      "t_plink_kernel": 0.152064,
      "read_connections": 4.0,
      "write_connections": 4.0,
      "T_lc": 0.004455873316147748,
      "T_cc": 0.020289812021914648
    },
    {
      "T": 0.22827328271526726,
      "T_exec": {
        "T_exec_core_0": 0.2010282176470588,
        "T_exec_core_1": 0.1883068320588235,
        "T_exec_core_2": 0.2011112285294117,
        "T_exec_core_3": 0.19309306411764704,
        "T_exec_core_4": 0.19975692352941177,
        "T_exec_core_5": 0.19310782794117648,
        "T_exec_core_6": 0.19253494499999999,
        "T_exec_core_7": 0.19615311235294117,
        "max": 0.20352759737720486
      },
      "t_plink": 0.20352792227354052,
      "t_plink_read": 0.023708165178108215,
      "t_plink_write": 0.027755757095432286,
      "t_plink_kernel": 0.152064,
      "read_connections": 4.0,
      "write_connections": 4.0,
      "T_lc": 0.004455873316147748,
      "T_cc": 0.020289812021914648
    },
    {
      "T": 0.23114491288531067,
      "T_exec": {
        "T_exec_core_0": 0.20916823794117645,
        "T_exec_core_1": 0.12270929470588235,
        "T_exec_core_2": 0.14308152735294116,
        "T_exec_core_3": 0.20647772794117647,
        "T_exec_core_4": 0.19975692352941177,
        "T_exec_core_5": 0.19310782794117648,
        "T_exec_core_6": 0.19253494499999999,
        "T_exec_core_7": 0.19615311235294117,
        "max": 0.20916823794117634
      },
      "t_plink": 0.20805122236804963,
      "t_plink_read": 0.023721842973518373,
      "t_plink_write": 0.03226537939453125,
      "t_plink_kernel": 0.152064,
      "read_connections": 6.0,
      "write_connections": 5.0,
      "T_lc": 0.004455873316147748,
      "T_cc": 0.01752080162798657
    },
    {
      "T": 0.23274842933363907,
      "T_exec": {
        "T_exec_core_0": 0.20916823794117645,
        "T_exec_core_1": 0.12270929470588235,
        "T_exec_core_2": 0.14308152735294116,
        "T_exec_core_3": 0.1890201052941176,
        "T_exec_core_4": 0.19975692352941177,
        "T_exec_core_5": 0.19310782794117648,
        "T_exec_core_6": 0.2099925676470588,
        "T_exec_core_7": 0.19615311235294117,
        "max": 0.2099925676470588
      },
      "t_plink": 0.20805122236804963,
      "t_plink_read": 0.023721842973518373,
      "t_plink_write": 0.03226537939453125,
      "t_plink_kernel": 0.152064,
      "read_connections": 6.0,
      "write_connections": 5.0,
      "T_lc": 0.004455873316147718,
      "T_cc": 0.018299988370432573
    },
    {
      "T": 0.2327530909672989,
      "T_exec": {
        "T_exec_core_0": 0.20916823794117645,
        "T_exec_core_1": 0.15849521029411762,
        "T_exec_core_2": 0.14308152735294116,
        "T_exec_core_3": 0.1890201052941176,
        "T_exec_core_4": 0.19975692352941177,
        "T_exec_core_5": 0.19310782794117648,
        "T_exec_core_6": 0.2099925676470588,
        "T_exec_core_7": 0.19615311235294117,
        "max": 0.2099925676470588
      },
      "t_plink": 0.20802435311164855,
      "t_plink_read": 0.023708165178108215,
      "t_plink_write": 0.032252187933540344,
      "t_plink_kernel": 0.15206399999999998,
      "read_connections": 4.0,
      "write_connections": 5.0,
      "T_lc": 0.004455873316147748,
      "T_cc": 0.018304650004092385
    },
    {
      "T": 0.2335276160760851,
      "T_exec": {
        "T_exec_core_0": 0.20916823794117645,
        "T_exec_core_1": 0.17523946117647057,
        "T_exec_core_2": 0.09055136088235294,
        "T_exec_core_3": 0.1890201052941176,
        "T_exec_core_4": 0.19975692352941177,
        "T_exec_core_5": 0.19310782794117648,
        "T_exec_core_6": 0.2099925676470588,
        "T_exec_core_7": 0.19615311235294117,
        "max": 0.2099925676470588
      },
      "t_plink": 0.2080512223680496,
      "t_plink_read": 0.023721842973518373,
      "t_plink_write": 0.03226537939453125,
      "t_plink_kernel": 0.15206399999999998,
      "read_connections": 6.0,
      "write_connections": 5.0,
      "T_lc": 0.004455873316147748,
      "T_cc": 0.01907917511287857
    },
    {
      "T": 0.24134771097990765,
      "T_exec": {
        "T_exec_core_0": 0.20916823794117645,
        "T_exec_core_1": 0.19310782794117648,
        "T_exec_core_2": 0.05745751705882352,
        "T_exec_core_3": 0.19615311235294117,
        "T_exec_core_4": 0.06308680911764705,
        "T_exec_core_5": 0.16407465470588234,
        "T_exec_core_6": 0.19975692352941177,
        "T_exec_core_7": 0.12386869147058824,
        "max": 0.21754992748603819
      },
      "t_plink": 0.21754992748603819,
      "t_plink_read": 0.027094976689338683,
      "t_plink_write": 0.038390950796699526,
      "t_plink_kernel": 0.15206399999999998,
      "read_connections": 5.0,
      "write_connections": 6.0,
      "T_lc": 0.00594116442153033,
      "T_cc": 0.01785661907233911
    },
    {
      "T": 0.2830039960673876,
      "T_exec": {
        "T_exec_core_0": 0.20916823794117645,
        "T_exec_core_1": 0.2456379944117647,
        "T_exec_core_2": 0.25847339294117644,
        "T_exec_core_3": 0.19615311235294117,
        "T_exec_core_4": 0.09917392,
        "T_exec_core_5": 0.16407465470588234,
        "T_exec_core_6": 0.19975692352941177,
        "T_exec_core_7": 0.09055136088235294,
        "max": 0.25847339294117644
      },
      "t_plink": 0.20805122236804963,
      "t_plink_read": 0.023721842973518373,
      "t_plink_write": 0.03226537939453125,
      "t_plink_kernel": 0.152064,
      "read_connections": 6.0,
      "write_connections": 5.0,
      "T_lc": 0.005941164421529477,
      "T_cc": 0.018589438704681674
    },
    {
      "T": 0.29181765118250164,
      "T_exec": {
        "T_exec_core_0": 0.20916823794117645,
        "T_exec_core_1": 0.20998005058823527,
        "T_exec_core_2": 0.18288470088235292,
        "T_exec_core_3": 0.16407465470588234,
        "T_exec_core_4": 0.2590078944117647,
        "T_exec_core_5": 0.20253026029411764,
        "T_exec_core_6": 0.13780940911764705,
        "T_exec_core_7": 0.1152037344117647,
        "max": 0.25900789441176464
      },
      "t_plink": 0.22490251899576186,
      "t_plink_read": 0.034434701634407046,
      "t_plink_write": 0.03840381736135483,
      "t_plink_kernel": 0.15206399999999998,
      "read_connections": 7.0,
      "write_connections": 6.0,
      "T_lc": 0.00594116442153033,
      "T_cc": 0.0268685923492067
    }
  ]
}